wid,practice,presentation_times,first_seen,first_word,second_word,response_type,choice,choice_rt,typing_rt,word,response,response_rt
we5637cb,True,"[2365.0800000177696, 23924.775000021327, 725.8450000081211, 679.6399999875575, 2379.4350000098348]",left,parrot,ozone,timeout,,,,,,
we5637cb,False,"[1792.8149999934249, 6042.004999995697]",left,magazine,consumer,correct,right,7834.819999989122,8950.330000021495,consumer,consumer,10054.20499999309
we5637cb,False,"[763.3050000295043, 1086.7899999720976, 1283.9500000118278]",left,traitor,daisy,correct,left,3134.0450000134297,3924.720000009984,traitor,traitor,5057.450000022072
we5637cb,False,"[658.3100000279956, 673.1999999610707, 1125.4300000146031]",left,horse,vagrant,other,left,2456.9400000036694,3283.675000013318,horse,hose,4278.879999998026
we5637cb,False,"[616.4399999543093, 711.7250000010245, 972.9100000113249]",left,tractor,donor,correct,left,2301.0749999666587,3038.669999979902,tractor,tractor,4579.74999997532
we5637cb,False,"[716.9700000085868, 416.4549999986775, 1344.7499999892898]",left,goddess,ear,correct,left,2478.174999996554,3611.674999992829,goddess,goddess,4737.024999980349
we5637cb,False,"[628.6349999718368, 1919.190000044182]",left,stable,pitchfork,correct,right,2547.8250000160187,3100.129999977071,pitchfork,pitchpork,5949.320000014268
we5637cb,False,"[555.5699999677017, 576.8900000257418, 638.2650000159629, 508.5249999538064, 1015.2799999923445]",left,eagle,tart,correct,left,3294.5299999555573,3650.5250000045635,eagle,eagle,4522.620000003371
we5637cb,False,"[597.0450000022538, 641.8449999764562, 2240.594999981113]",left,frog,rouge,correct,left,3479.4849999598227,4120.444999949541,frog,frog,4575.039999966975
we5637cb,False,"[629.1700000292622, 3725.9499999927357, 2899.3749999790452, 2589.0699999872595, 4186.4750000531785, 991.7499999864958]",left,department,seagull,timeout,,,,,,
we5637cb,False,"[585.5749999755062, 1377.1450000349432, 1531.029999954626]",left,pillow,roost,correct,left,3493.7499999650754,4013.619999983348,pillow,pillow,5535.559999989346
we5637cb,False,"[1168.4150000219233, 854.2799999704584, 207.95499999076128, 848.6550000379793]",left,dandelion,major,correct,right,3079.3050000211224,3423.045000003185,major,major,4119.239999970887
we5637cb,False,"[653.3550000167452, 1423.7950000097044, 303.64499997813255, 838.7499999953434]",left,elbow,application,correct,right,3219.5449999999255,3547.840000013821,application,application,5713.954999984708
we5637cb,False,"[579.154999984894, 1765.0049999938346]",left,keeper,pizza,correct,right,2344.1599999787286,3018.4599999920465,pizza,pizza,3735.434999980498
we5637cb,False,"[540.854999970179, 792.8900000406429, 229.9199999542907, 1067.7450000075623]",left,atom,apple,correct,right,2631.409999972675,2931.1199999647215,apple,apple,3696.185000007972
we5637cb,False,"[629.7649999614805, 1502.5950000272132]",left,tulip,society,correct,right,2132.3599999886937,2853.115000005346,society,society,4116.500000003725
we5637cb,False,"[689.1900000046007, 614.5499999984168, 264.1650000005029]",left,finger,stranger,correct,left,1567.9050000035204,2331.01500000339,finger,finger,3558.019999996759
we5637cb,False,"[601.5949999564327, 536.9900000514463, 191.32499996339902]",left,bed,mister,correct,left,1329.909999971278,2080.7349999668077,bed,bed,2807.1599999675527
we5637cb,False,"[683.5100000025705, 1845.2699999907054]",left,saxophone,patient,correct,right,2528.779999993276,2821.730000025127,patient,patient,3678.7849999964237
we5637cb,False,"[686.3149999990128, 4453.540000016801, 926.1100000003353]",left,transplant,flower,correct,left,6065.965000016149,6709.00500001153,transplant,transplant,8510.524999990594
wc38ad93,True,[3663.830000004964],left,department,pizza,correct,left,3663.830000004964,3837.165000004461,department,department,7097.5800000014715
wc38ad93,False,[3140.639999997802],left,suburb,baby,correct,left,3140.639999997802,3609.29000000027,suburb,suburb,6033.3650000030175
wc38ad93,False,"[1374.6549999995623, 2711.880000002682]",right,antelope,agent,correct,left,4086.5350000022445,4402.929999996559,agent,agent,5021.09499999648
wc38ad93,False,[2374.0550000001676],right,editorial,cauliflower,correct,right,2374.0550000001676,2939.5000000003492,editorial,editorial,4247.324999996577
wc38ad93,False,[2459.9200000010896],left,tread,apple,correct,left,2459.9200000010896,2816.2200000006706,tread,tread,3735.5699999970384
wc38ad93,False,[1931.534999996191],left,hamburger,consumer,correct,left,1931.534999996191,2427.6049999971874,hamburger,hamburger,4106.90500000061
wc38ad93,False,[2309.235000000568],right,penguin,scenery,correct,right,2309.235000000568,2908.5149999954738,penguin,penguin,3863.8749999953434
wc38ad93,False,[1786.435000001802],left,villain,walrus,correct,left,1786.435000001802,2336.250000000233,villain,villain,3172.2700000028126
wc38ad93,False,[1365.2399999990594],left,saxophone,personnel,correct,left,1365.2399999990594,1856.9499999938998,saxophone,saxophone,3220.2649999961723
wc38ad93,False,[1410.7550000044284],left,winner,handkerchief,correct,left,1410.7550000044284,1884.3350000025239,winner,winner,2493.58000000217
wc38ad93,False,[2005.604999998468],left,goat,ghost,correct,left,2005.604999998468,2777.1149999971967,goat,goat,3507.894999995129
wc38ad93,False,"[1134.0249999993248, 1759.4900000040652]",left,chimney,society,correct,right,2893.51500000339,3116.840000002412,society,society,4163.534999999683
wc38ad93,False,[1339.284999994561],left,volunteer,pillow,correct,left,1339.284999994561,2411.1349999947706,volunteer,volunteer,3615.959999995539
wc38ad93,False,[1765.9850000054576],left,roost,horse,correct,left,1765.9850000054576,2918.4150000001537,roost,roost,3375.8500000040513
wc38ad93,False,"[1282.3900000002468, 1481.9900000002235]",left,territory,quill,correct,right,2764.3800000004703,3119.715000000666,quill,quill,4592.335000001127
wc38ad93,False,"[1393.7699999951292, 1076.0399999999208, 890.1800000021467, 700.9200000029523]",left,patient,magazine,correct,right,4060.910000000149,4460.289999995381,magazine,magazine,5925.344999996014
wc38ad93,False,"[1181.409999997355, 851.524999998277, 975.5600000062259]",left,vagrant,eagle,correct,left,3008.495000001858,3549.0500000014435,vagrant,vagrant,4673.405000001425
wc38ad93,False,[1431.4400000002934],left,crook,dandelion,correct,left,1431.4400000002934,1926.6200000055833,crook,crook,2600.365000005695
wc38ad93,False,[1990.7500000045402],right,captive,cookie,correct,right,1990.7500000045402,2420.980000002659,captive,captive,3180.769999998971
wc38ad93,False,[1201.6250000016298],left,goddess,elephant,correct,left,1201.6250000016298,1694.1099999968428,goddess,goddess,2587.7350000010338
wa04a5e4,True,"[1388.5249999985099, 278.3999999992084, 841.9800000011455, 2076.6350000011735]",left,donor,bed,correct,right,4585.540000000037,5719.239999998594,bed,bed,6112.694999999832
wa04a5e4,False,[2348.484999998589],left,strawberry,empire,correct,left,2348.484999998589,2999.5399999970105,strawberry,strawberry,5897.399999997928
wa04a5e4,False,"[768.049999998766, 490.445000003092, 1108.684999999241]",left,frog,enemy,correct,left,2367.180000001099,2875.7900000019,frog,frog,3703.024999998859
wa04a5e4,False,"[653.96999999939, 1927.224999999511]",left,flower,grizzly,correct,right,2581.194999998901,3262.624999999418,grizzly,grizzly,5876.229999998002
wa04a5e4,False,[2198.180000003078],left,villain,walrus,correct,left,2198.180000003078,2638.055000003078,villain,villain,3877.0550000007497
wa04a5e4,False,"[602.9899999994086, 1036.3749999996508]",left,magazine,goddess,correct,right,1639.3649999990594,2491.90499999898,goddess,goddess,3576.3950000000186
wa04a5e4,False,[1830.2949999996927],left,antelope,captive,correct,left,1830.2949999996927,2234.5099999983795,antelope,antelope,3493.3549999985844
wa04a5e4,False,"[1113.2649999998976, 1118.4199999988778, 5444.5599999999395]",left,personnel,tulip,intrusion,left,7676.244999998715,8063.634999998612,personnel,major,8957.005000000237
wa04a5e4,False,"[608.1400000002468, 2059.6499999992084]",left,tread,daisy,correct,right,2667.789999999455,3145.114999999292,daisy,daisy,4652.49000000034
wa04a5e4,False,"[652.1199999988312, 2141.8350000021746]",left,pitchfork,transplant,correct,right,2793.955000001006,3165.3349999978673,transplant,transplant,4539.219999998808
wa04a5e4,False,"[673.6649999984074, 2436.3699999994133]",left,handkerchief,stable,correct,right,3110.0349999978207,3412.094999999623,stable,stable,4294.395000000717
wa04a5e4,False,[1378.0149999983842],left,hero,octopus,correct,left,1378.0149999983842,2227.1399999989662,hero,hero,2813.6950000007637
wa04a5e4,False,"[1390.0849999991478, 341.6649999998044, 1405.110000003362]",left,eagle,keeper,correct,left,3136.8600000023143,3489.1250000001164,eagle,eagle,4236.955000000307
wa04a5e4,False,"[791.8699999973178, 3368.9699999995064, 1055.7650000009453, 2325.6650000003865]",left,major,finger,intrusion,right,7542.269999998156,8225.57499999681,finger,major,9474.084999997984
wa04a5e4,False,"[569.410000000149, 475.6149999992922, 426.96000000066124, 3392.71500000183]",left,atom,barracuda,correct,right,4864.7000000019325,5624.540000000736,barracuda,barracuda,6906.399999999907
wa04a5e4,False,"[807.730000000447, 2740.5700000018114]",left,critic,pizza,correct,right,3548.3000000022585,3865.3100000011036,pizza,pizza,5012.015000000247
wa04a5e4,False,"[479.1899999981979, 716.6800000013318, 507.67999999888707, 2153.389999999432, 1046.750000001397]",left,cookie,electron,other,left,4903.689999999246,5161.189999998896,cookie,peace,5933.819999998435
wa04a5e4,False,"[551.0149999973364, 322.43000000016764, 1234.5550000027288]",left,elephant,roost,correct,left,2108.000000000233,2460.8100000005215,elephant,elephant,3962.519999997341
wa04a5e4,False,"[620.4650000000838, 342.01000000024214, 1102.275000001071]",left,ozone,pig,correct,left,2064.750000001397,2593.2949999987613,ozone,ozone,3198.3650000002235
wa04a5e4,False,"[439.10999999940395, 350.0849999982165, 1153.9750000010245]",left,tomato,winner,correct,left,1943.169999998645,2467.0699999987846,tomato,tomato,3196.1349999983795
w22a09e3,True,"[686.199999996461, 1206.8750000325963, 654.4899999862537, 1516.9900000328198, 471.6649999609217, 794.9200000148267, 1173.8249999471009, 1143.0600000312552, 419.4399999687448, 2502.1500000730157]",left,walrus,villain,intrusion,left,10569.615000043996,17113.009999971837,walrus,villain,18791.790000046603
w22a09e3,False,[],,,,empty,left,,,vagrant,,
w22a09e3,False,"[3590.6550000654534, 1112.650000024587]",left,fellow,flower,correct,left,4703.30500009004,8285.860000061803,fellow,fellow,9095.800000010058
w22a09e3,False,"[1205.1249999785796, 2035.9700000844896]",left,gravel,hero,correct,right,3241.095000063069,3803.2949999906123,hero,hero,4404.025000054389
w22a09e3,False,"[614.2699999036267, 2151.520000072196]",left,lover,refrigerator,correct,right,2765.789999975823,3103.6299999104813,refrigerator,refrigerator,7304.754999931902
w22a09e3,False,[2067.615000065416],left,consumer,cauliflower,correct,left,2067.615000065416,2411.2650000024587,consumer,consumer,3461.8450000416487
w22a09e3,False,[3679.414999904111],left,traitor,daisy,correct,left,3679.414999904111,4126.189999980852,traitor,traitor,5226.559999980964
w22a09e3,False,[1989.1000000061467],left,elbow,keeper,correct,left,1989.1000000061467,2245.104999979958,elbow,elbow,3709.9450000096112
w22a09e3,False,"[1143.4949999675155, 1665.2549999998882]",left,captive,banana,correct,right,2808.7499999674037,3298.034999985248,banana,banana,4699.054999975488
w22a09e3,False,"[883.9950000401586, 1668.599999975413]",left,magazine,empire,correct,right,2552.5950000155717,2760.4750000173226,empire,empire,4039.015000103973
w22a09e3,False,"[576.2249999679625, 1489.4899999490008, 4007.22999998834, 7627.960000070743]",left,goddess,shoelace,timeout,right,13700.904999976046,13947.809999925084,,,
w22a09e3,False,[2475.3700000001118],left,enemy,cactus,correct,left,2475.3700000001118,2729.605000000447,enemy,enemy,4489.865000010468
w22a09e3,False,[1905.4250000044703],left,quill,agent,correct,left,1905.4250000044703,2212.4100000364706,quill,quill,3096.8550000106916
w22a09e3,False,"[703.125, 2463.4599999990314]",left,well,octopus,correct,right,3166.5849999990314,3450.0099999131635,octopus,octopus,5301.854999968782
w22a09e3,False,"[858.6900000227615, 2278.374999994412]",left,mister,carrot,correct,right,3137.0650000171736,3404.3199999723583,carrot,carrot,4248.954999959096
w22a09e3,False,[2514.6500000264496],left,rebel,house,correct,left,2514.6500000264496,2749.0799999795854,rebel,rebel,3551.5449999365956
w22a09e3,False,"[1590.2599999681115, 1995.0599999865517]",left,saxophone,society,correct,right,3585.319999954663,3865.584999904968,society,society,4895.915000000969
w22a09e3,False,[1670.090000028722],left,bed,critic,correct,left,1670.090000028722,2076.3499999884516,bed,bed,2587.775000021793
w22a09e3,False,[1560.799999977462],left,atom,goat,correct,left,1560.799999977462,1910.2000000420958,atom,atom,2497.635000036098
w22a09e3,False,"[785.535000031814, 2759.2749999603257]",left,pitchfork,follower,correct,right,3544.8099999921396,3830.059999949299,follower,follower,5446.80499995593
wb019050,True,"[1496.0399999981746, 1429.0649999165908, 1717.3050000565127, 2414.669999969192]",left,antelope,keeper,correct,left,7057.07999994047,10289.504999993369,antelope,antelope,18789.424999966286
wb019050,False,"[1057.660000049509, 1899.9399999156594, 934.940000064671]",left,electron,chimney,correct,left,3892.5400000298396,4874.485000036657,electron,electron,7082.664999994449
wb019050,False,"[1040.7500000437722, 612.8549999557436, 1183.0700000282377]",left,grizzly,magazine,correct,left,2836.6750000277534,3785.7500000391155,grizzly,grizzly,5894.88000003621
wb019050,False,"[612.8799999132752, 1705.0100000342354]",left,application,goat,correct,right,2317.8899999475107,3504.784999997355,goat,goat,4172.879999969155
wb019050,False,"[914.699999964796, 4182.035000063479]",left,atom,handkerchief,correct,right,5096.735000028275,5741.745000006631,handkerchief,handkerchief,8319.989999989048
wb019050,False,"[1555.9650000650436, 3179.92000002414, 8812.990000005811, 1468.7999999150634]",left,permit,dandelion,timeout,,,,,,
wb019050,False,"[1481.7449999973178, 419.9050000170246, 1085.1149999070913]",left,seagull,winner,correct,left,2986.7649999214336,3739.8749999701977,seagull,seagull,5311.890000011772
wb019050,False,"[1084.6149999415502, 588.9050000114366, 732.0700000273064]",left,idol,baby,correct,left,2405.589999980293,3396.710000000894,idol,idol,3989.7600000258535
wb019050,False,"[1087.679999996908, 436.0850000521168, 1167.989999987185]",left,tart,neck,correct,left,2691.75500003621,3736.0050000716,tart,tart,4668.98499999661
wb019050,False,"[793.7500000698492, 2499.0499999839813]",left,scenery,elephant,correct,right,3292.8000000538304,4161.8149999994785,elephant,elephant,6061.755000031553
wb019050,False,[1909.639999968931],left,pizza,lover,correct,left,1909.639999968931,2801.6000000061467,pizza,pizza,4217.829999979585
wb019050,False,"[2749.749999959022, 1650.3149999771267]",left,tractor,virus,correct,right,4400.0649999361485,5365.794999990612,virus,virus,6652.73500001058
wb019050,False,"[2336.6900000255555, 2555.2199999801815]",left,volunteer,pillow,correct,right,4891.910000005737,5845.9550000261515,pillow,pillow,7284.910000045784
wb019050,False,"[990.7749999547377, 2034.0200000209734, 461.9999999413267]",left,gravel,rebel,correct,left,3486.794999917038,4482.770000002347,gravel,gravel,5875.894999946468
wb019050,False,"[1270.8000000566244, 1487.8150000004098]",left,cue,walrus,correct,right,2758.615000057034,3879.655000055209,walrus,walrus,5475.6950000301
wb019050,False,"[2382.604999933392, 4820.245000068098]",left,transplant,daisy,correct,right,7202.85000000149,7916.749999974854,daisy,daisy,9143.824999919161
wb019050,False,"[1001.795000047423, 995.8799999440089, 1200.1450000097975]",left,tread,house,correct,left,3197.8200000012293,3813.0349999992177,tread,tread,4908.880000002682
wb019050,False,"[3566.660000011325, 781.0199999948964, 819.0600000089034]",left,quill,stable,correct,left,5166.740000015125,6022.705000010319,quill,quill,7180.764999939129
wb019050,False,"[783.6649999953806, 1857.2149999672547, 4162.985000060871, 830.0599999492988]",left,shoelace,agent,correct,right,7633.924999972805,8048.899999936111,agent,agent,9236.009999993257
wb019050,False,"[1237.7850000048056, 2493.1450000731274, 718.8699999824166]",left,parrot,community,correct,left,4449.80000006035,5103.0449999962,parrot,parrot,6572.830000077374
w071fe6d,True,"[2763, 8148, 501, 572, 1717, 451, 6396]",left,critic,cauliflower,correct,left,20548.0,24686.0,critic,critic,25493.0
w071fe6d,False,[],,,,other,left,,,refrigerator,clicked wrong key and saw two gray ,
w071fe6d,False,[4616],left,ear,cue,correct,left,4616.0,5474.0,ear,ear,6235.0
w071fe6d,False,[1989],left,frog,fellow,correct,left,1989.0,2831.0,frog,frog,3535.0
w071fe6d,False,[5343],left,crook,penguin,correct,left,5343.0,5859.0,crook,crook,6573.0
w071fe6d,False,[3202],left,tiger,empire,correct,left,3202.0,4014.0,tiger,tiger,5541.0
w071fe6d,False,"[4574, 3588]",left,dandelion,volunteer,timeout,left,8162.0,,,,
w071fe6d,False,[2158],right,bed,roost,intrusion,left,2158.0,2857.0,roost,bed,7320.0
w071fe6d,False,"[1893, 1132, 1356, 682]",right,house,community,correct,left,5063.0,7103.0,community,community,9018.0
w071fe6d,False,"[2143, 1389, 1648]",right,carrot,keeper,correct,left,5180.0,6284.0,keeper,keeper,7010.0
w071fe6d,False,"[2200, 1770]",right,society,pitchfork,correct,left,3970.0,4734.0,pitchfork,pitchfork,6296.0
w071fe6d,False,"[1714, 1940]",right,scenery,tractor,correct,left,3654.0,4543.0,tractor,tractor,5525.0
w071fe6d,False,"[1418, 2190]",right,tread,bug,correct,left,3608.0,4189.0,bug,bug,4641.0
w071fe6d,False,"[2216, 1545]",right,major,octopus,correct,left,3761.0,4363.0,octopus,octopus,5504.0
w071fe6d,False,"[936, 739, 1045]",right,ghost,daisy,correct,left,2720.0,4167.0,daisy,daisy,4996.0
w071fe6d,False,[1763],right,goat,stranger,other,left,1763.0,3654.0,stranger,not sure,5500.0
w071fe6d,False,"[1451, 1563]",right,gravel,personnel,correct,left,3014.0,3657.0,personnel,personnel,4901.0
w071fe6d,False,"[1214, 1374, 492, 853]",right,tomato,suburb,correct,left,3933.0,6169.0,suburb,suburb,7098.0
w071fe6d,False,"[1590, 898]",right,patient,barracuda,correct,left,2488.0,3141.0,barracuda,baracuda,5039.0
w071fe6d,False,"[1776, 1295]",right,sand,donor,correct,left,3071.0,6185.0,donor,donor,7023.0
w3827f4d,True,"[4159.4000000003725, 4143.9000000003725, 1121.0]",left,elbow,agent,correct,left,9424.300000000745,10367.800000000745,elbow,elbow,15920.599999999627
w3827f4d,False,[3665],left,donor,banana,correct,left,3665.0,4746.0,donor,donor,5923.0999999996275
w3827f4d,False,[3450.5],right,transplant,eagle,correct,right,3450.5,5190.300000000745,transplant,transplant,7750.5
w3827f4d,False,[2292.5],left,scenery,ear,correct,left,2292.5,3180.5999999996275,scenery,scenery,5169.9000000003725
w3827f4d,False,[2706.800000000745],left,pizza,follower,correct,left,2706.800000000745,3068.4000000003725,pizza,pizza,4122.5
w3827f4d,False,[],,,,empty,left,,,electron,,
w3827f4d,False,"[1493.300000000745, 3282.5]",left,fellow,antelope,correct,right,4775.800000000745,5301.200000001118,antelope,antelope,7240.5999999996275
w3827f4d,False,[3032.4000000003725],right,traitor,elephant,correct,right,3032.4000000003725,3753.800000000745,traitor,traitor,5951.700000001118
w3827f4d,False,"[1126.4000000003725, 1721.9000000003725]",left,territory,parrot,correct,right,2848.300000000745,3418.800000000745,parrot,parrot,5410.4000000003725
w3827f4d,False,"[1432.800000000745, 385.80000000074506, 1174.0999999996275]",left,permit,tractor,correct,left,2992.7000000011176,3516.10000000149,permit,permit,5033.0
w3827f4d,False,[1547.9000000003725],left,stranger,walrus,correct,left,1547.9000000003725,2105.2000000011176,stranger,stranger,3729.60000000149
w3827f4d,False,[1954.9000000003725],left,hero,handkerchief,correct,left,1954.9000000003725,2876.699999999255,hero,hero,3695.199999999255
w3827f4d,False,"[2736.699999999255, 2537.5999999996275]",left,editorial,quill,correct,right,5274.299999998882,5694.299999998882,quill,quil,7084.9000000003725
w3827f4d,False,[1463.0],left,enemy,pig,correct,left,1463.0,2955.0,enemy,enemy,4567.0
w3827f4d,False,"[1000.8000000007451, 386.90000000037253, 1149.5999999996275, 589.4000000003725]",left,penguin,rebel,correct,right,3126.7000000011176,3797.5999999996275,rebel,rebel,4779.0999999996275
w3827f4d,False,"[1651.0, 2369.2000000011176]",left,cauliflower,rouge,other,right,4020.2000000011176,5410.60000000149,rouge,rogue,6541.4000000003725
w3827f4d,False,[1813.7999999988824],left,seagull,crook,correct,left,1813.7999999988824,2762.699999999255,seagull,seagull,4745.0999999996275
w3827f4d,False,[1646.199999999255],left,hamburger,roost,correct,left,1646.199999999255,2286.5999999996275,hamburger,hamburger,5295.5
w3827f4d,False,"[1419.9000000003725, 1543.0999999996275]",left,bug,ghost,other,right,2963.0,3377.7999999988824,ghost,insect,5089.0999999996275
w3827f4d,False,"[1424.7000000011176, 552.3999999985099, 649.5, 1250.4000000003725]",left,house,major,correct,right,3877.0,4338.5,major,major,6005.200000001118
w7b630ba,True,"[2221.945000000298, 2848.059999999823, 383.8600000003353, 1904.034999999567]",left,elephant,idol,correct,right,7357.900000000023,8814.135000000126,idol,idol,9789.62500000035
w7b630ba,False,[4734.590000000084],left,enemy,pig,correct,left,4734.590000000084,5582.6349999997765,enemy,enemy,7758.640000000014
w7b630ba,False,[2591.13499999966],left,pizza,scenery,correct,left,2591.13499999966,3471.109999999986,pizza,pizza,5134.874999999767
w7b630ba,False,"[2111.394999999902, 3584.225000000093]",left,consumer,daisy,correct,right,5695.619999999995,6911.430000000051,daisy,daisy,9199.055000000051
w7b630ba,False,[2207.5649999997113],left,ear,rebel,correct,left,2207.5649999997113,3022.964999999618,ear,ear,4239.064999999711
w7b630ba,False,"[1168.0300000002608, 2063.984999999753]",left,captive,tractor,correct,right,3232.015000000014,3920.305000000051,tractor,tractor,5727.6150000002235
w7b630ba,False,"[1215.5100000000093, 671.9100000000326, 1264.1399999997811]",left,finger,scapegoat,correct,left,3151.559999999823,4031.3649999998743,finger,finger,5887.189999999944
w7b630ba,False,"[911.3400000000838, 1055.9600000000792, 1248.009999999893]",left,apple,agent,correct,left,3215.310000000056,3823.285000000382,apple,apple,4863.010000000009
w7b630ba,False,"[1087.25, 7599.975000000093, 1664.164999999688]",left,saxophone,community,correct,left,10351.389999999781,11199.099999999744,saxophone,saxophone,13086.854999999981
w7b630ba,False,"[1007.5250000000233, 431.6899999998277, 1152.1200000002282]",left,atom,flower,correct,left,2591.335000000079,2927.2750000000233,atom,atom,3983.015000000247
w7b630ba,False,"[1199.2450000002282, 496.04999999981374, 1167.8750000001164]",left,tiger,goddess,correct,left,2863.1700000001583,3311.2200000000885,tiger,tiger,4366.985000000102
w7b630ba,False,"[847.2849999999162, 2496.1000000002095]",left,seagull,stranger,correct,right,3343.3850000001257,4335.579999999958,stranger,stranger,5871.114999999991
w7b630ba,False,"[1343.4600000000792, 2991.9199999999255]",left,elbow,rouge,correct,right,4335.380000000005,4927.4049999999115,rouge,rouge,5919.16500000027
w7b630ba,False,"[895.2100000001956, 2383.9149999998044]",left,society,frog,correct,right,3279.125,3695.0999999999767,frog,frog,4702.890000000014
w7b630ba,False,"[1295.475000000326, 6352.114999999758, 1327.7449999999953]",left,pitchfork,electron,correct,left,8975.33500000008,9279.28000000026,pitchfork,pichfork,13342.94000000006
w7b630ba,False,[2639.7150000002002],left,tomato,transplant,correct,left,2639.7150000002002,3391.475000000326,tomato,tomato,4543.2150000002
w7b630ba,False,"[1455.3849999997765, 464.1049999999814, 1615.815000000177]",left,empire,antelope,correct,left,3535.304999999935,3775.2999999998137,empire,empire,4799.109999999986
w7b630ba,False,"[1231.280000000028, 2704.079999999958]",left,follower,sand,correct,right,3935.359999999986,4351.375000000233,sand,sand,5871.015000000247
w7b630ba,False,"[1327.4850000002189, 2672.134999999893]",left,volunteer,dandelion,correct,right,3999.6200000001118,4271.505000000121,dandelion,dandelion,8223.140000000014
w7b630ba,False,"[911.4500000000698, 2192.0350000000326]",left,vagrant,eagle,correct,right,3103.4850000001024,3423.4349999997066,eagle,eagle,4607.175000000163
wce3def5,True,[],,,,intrusion,left,,,ghost,saxophone,
wce3def5,False,[],,,,intrusion,left,,,flower,major,
wce3def5,False,[],,,,timeout,right,,,,,
w47b845b,True,"[6327.3099999642, 7007.685000018682]",left,apple,enemy,correct,right,13334.994999982882,15591.205000004265,enemy,enemy,16927.694999962114
w47b845b,False,"[2743.7100000097416, 912.2299999580719, 792.1700000297278]",left,atom,daisy,correct,left,4448.109999997541,5023.669999965932,atom,atom,7688.1849999772385
w47b845b,False,[1994.635000010021],left,goat,consumer,correct,left,1994.635000010021,2554.4100000406615,goat,goat,3426.930000016
w47b845b,False,[2207.250000035856],right,jeans,cue,correct,right,2207.250000035856,3055.6000000215136,jeans,jean,6623.424999997951
w47b845b,False,[2319.535000016913],left,electron,dandelion,correct,left,2319.535000016913,2661.9749999954365,electron,electron,6358.554999984335
w47b845b,False,[1743.2000000262633],right,major,elephant,correct,right,1743.2000000262633,2639.4700000528246,major,major,3776.690000027884
w47b845b,False,[],,,,intrusion,right,,,magazine,apple,
w47b845b,False,"[727.9500000295229, 2175.379999971483]",left,scapegoat,finger,correct,right,2903.330000001006,4135.710000002291,finger,finger,5879.495000001043
w47b845b,False,[1558.8449999922886],left,carrot,idol,correct,left,1558.8449999922886,1863.7350000208244,carrot,carrot,3664.0149999875575
w47b845b,False,[1784.0250000008382],left,banana,application,correct,left,1784.0250000008382,3015.6349999597296,banana,banana,4559.774999972433
w47b845b,False,"[943.4199999668635, 2176.165000011679]",left,pitchfork,lover,correct,right,3119.5849999785423,3903.8500000024214,lover,lover,5007.270000001881
w47b845b,False,[2142.920000012964],left,tomato,grizzly,correct,left,2142.920000012964,2375.4250000347383,tomato,tomato,6807.925000030082
w47b845b,False,"[1696.1399999563582, 1912.1300000115298]",left,saxophone,fellow,correct,right,3608.269999967888,4759.740000008605,fellow,fellow,6231.715000001714
w47b845b,False,"[943.3349999599159, 1447.0999999903142, 393.1250000023283]",left,refrigerator,personnel,correct,left,2783.5599999525584,3479.8399999854155,refrigerator,refrigerator,6695.80499996664
w47b845b,False,[1879.1449999553151],left,department,tiger,correct,left,1879.1449999553151,2302.9549999628216,department,department,6807.574999984354
w47b845b,False,"[846.5149999829009, 1665.419999975711]",left,roost,pig,correct,right,2511.934999958612,3607.5549999950454,pig,pig,4303.619999962393
w47b845b,False,[2271.7200000188313],right,horse,well,intrusion,left,2271.7200000188313,3823.5899999854155,well,horse,9104.415000008885
w47b845b,False,[1663.1000000052154],right,baby,scenery,correct,right,1663.1000000052154,3031.669999996666,baby,baby,4199.075000011362
w47b845b,False,[1648.2899999828078],right,rebel,octopus,correct,right,1648.2899999828078,1991.2699999986216,rebel,rebel,3743.414999975357
w47b845b,False,[3175.364999973681],right,bug,suburb,correct,right,3175.364999973681,3718.804999953136,bug,bug,4479.820000007749
w5c9c2c5,True,[],,,,timeout,left,,,,,
w5c9c2c5,False,"[4160.855000000098, 4304.1849999999395]",left,flower,volunteer,correct,right,8465.040000000037,9608.07500000007,volunteer,volunteer,11331.000000000116
w5c9c2c5,False,[2765.0349999994505],left,winner,handkerchief,correct,left,2765.0349999994505,3981.824999999837,winner,winner,5006.954999999842
w5c9c2c5,False,"[1117.9750000000931, 1151.659999999567]",left,scapegoat,tomato,correct,right,2269.63499999966,3335.2299999997485,tomato,tomatoe,4962.999999999767
w5c9c2c5,False,[2191.5449999996927],right,hero,neck,correct,right,2191.5449999996927,3075.729999999632,hero,hero,4333.520000000135
w5c9c2c5,False,"[854.7400000006892, 1142.6349999993108]",left,editorial,pillow,correct,right,1997.375,2843.335000000545,pillow,pillow,3989.8700000003446
w5c9c2c5,False,[1392.1350000001257],right,tiger,follower,correct,right,1392.1350000001257,1849.349999999511,tiger,tiger,2911.5199999996694
w5c9c2c5,False,"[1262.91500000027, 801.5499999992317, 946.315000000177]",right,villain,dandelion,other,right,3010.7799999996787,3506.755000000354,villain,villiant,5912.029999999562
w5c9c2c5,False,[1618.954999999958],right,donor,banana,correct,right,1618.954999999958,2570.049999999348,donor,donor,3713.0950000000885
w5c9c2c5,False,"[871.3699999998789, 933.7649999997811]",right,traitor,tractor,correct,left,1805.13499999966,2460.2299999997485,tractor,tractor,6387.5650000000605
w5c9c2c5,False,[707.1000000005588],left,frog,roost,correct,left,707.1000000005588,1551.6550000002608,frog,frog,3172.9500000001863
w5c9c2c5,False,"[2267.280000000028, 828.0299999996787]",left,rebel,jeans,correct,right,3095.3099999997066,4047.6699999999255,jeans,jeans,4925.31500000041
w5c9c2c5,False,"[1201.5899999996182, 948.800000000163]",left,personnel,elephant,correct,right,2150.389999999781,2886.539999999455,elephant,elephant,4365.840000000433
w5c9c2c5,False,[1996.9750000000931],right,bug,tread,correct,right,1996.9750000000931,2587.8949999996694,bug,bug,3144.809999999823
w5c9c2c5,False,"[1074.7549999996554, 2799.920000000391]",right,saxophone,transplant,correct,left,3874.6750000000466,4921.574999999371,transplant,transplant,7240.01999999932
w5c9c2c5,False,"[1444.994999999879, 1292.8550000005635]",left,suburb,carrot,correct,right,2737.8500000004424,3480.569999999716,carrot,carrot,4965.2949999999255
w5c9c2c5,False,"[1564.940000000177, 5432.114999999641, 3568.5750000003027]",left,stranger,ear,other,left,10565.630000000121,11512.32499999972,stranger,stange,12948.550000000047
w5c9c2c5,False,"[874.4150000002701, 1664.6899999995949]",right,captive,elbow,correct,left,2539.104999999865,3520.875000000233,elbow,elbow,4689.954999999842
w5c9c2c5,False,[2110.1699999999255],right,house,society,other,right,2110.1699999999255,2712.3099999999395,house,home,3541.45500000054
w5c9c2c5,False,[1390.265000000014],left,stairs,enemy,correct,left,1390.265000000014,2254.565000000177,stairs,stairs,3787.1500000001397
w0895751,True,"[7800.600000016857, 1971.3899999915157]",left,pizza,agent,correct,right,9771.990000008373,11472.910000011325,agent,agent,12338.320000009844
w0895751,False,[1780.624999984866],left,stranger,goat,correct,left,1780.624999984866,2966.0300000105053,stranger,stranger,4086.6749999986496
w0895751,False,[1986.639999988256],left,scapegoat,eagle,correct,left,1986.639999988256,3022.5700000009965,scapegoat,scapegoat,4588.59499997925
w0895751,False,[2741.6050000174437],left,tart,jeans,correct,left,2741.6050000174437,3257.0550000236835,tart,tart,3942.4050000088755
w0895751,False,"[1768.06500001112, 2079.054999980144]",left,gravel,permit,correct,right,3847.119999991264,4431.805000000168,permit,permit,5300.829999992857
w0895751,False,[4717.895000008866],left,cauliflower,volunteer,correct,left,4717.895000008866,5174.54499998712,cauliflower,cauliflower,6813.789999985602
w0895751,False,"[2041.335000016261, 1609.4250000023749]",left,barracuda,goddess,correct,right,3650.7600000186358,4512.264999997569,goddess,goddess,5684.025000024121
w0895751,False,[2018.9050000044517],left,finger,application,correct,left,2018.9050000044517,2502.39499998861,finger,finger,3522.865000006277
w0895751,False,[2841.4950000005774],left,idol,horse,correct,left,2841.4950000005774,3304.039999988163,idol,idol,4120.854999986477
w0895751,False,"[1646.390000008978, 1839.3299999879673]",left,territory,tomato,correct,right,3485.7199999969453,3992.1900000190362,tomato,tomato,4793.800000014016
w0895751,False,[2290.404999977909],left,saxophone,scenery,correct,left,2290.404999977909,2725.3949999867473,saxophone,saxophone,4437.109999998938
w0895751,False,"[2148.4099999943282, 1456.3600000110455]",left,octopus,keeper,correct,right,3604.7700000053737,4061.214999994263,keeper,keeper,5000.22000001627
w0895751,False,"[2443.8499999814667, 1475.8900000015274]",left,electron,cookie,correct,right,3919.739999982994,4313.02499998128,cookie,cookie,5162.644999974873
w0895751,False,"[2924.76500000339, 1462.5649999943562]",left,cactus,well,correct,right,4387.329999997746,4815.234999987297,well,well,5426.875000004657
w0895751,False,[3472.024999995483],left,fellow,refrigerator,correct,left,3472.024999995483,3852.7950000134297,fellow,fellow,4716.320000006817
w0895751,False,[2569.6049999969546],left,personnel,pig,correct,left,2569.6049999969546,3151.685000018915,personnel,personnel,5007.880000019213
w0895751,False,[1725.8100000035483],left,rouge,shoelace,other,left,1725.8100000035483,2158.4750000038184,rouge,rogue,2788.4550000017043
w0895751,False,[1565.3400000010151],left,atom,ear,correct,left,1565.3400000010151,2089.319999999134,atom,atom,2753.774999990128
w0895751,False,[2912.540000019362],left,mister,sand,correct,left,2912.540000019362,3342.4100000120234,mister,mister,4149.025000020629
w0895751,False,[1570.9349999960978],left,transplant,frog,correct,left,1570.9349999960978,1956.2199999927543,transplant,transplant,3227.569999988191
wc1c73f7,True,"[1394.9999999998836, 640, 3466, 13095, 1350, 596, 4208.000000000116]",left,seagull,donor,timeout,left,24750.0,25886.999999999884,,,
wc1c73f7,False,[2931],left,rebel,cauliflower,other,left,2931.0,4006.0,rebel,REBEL,4962.0
wc1c73f7,False,[3071.0000000001164],left,traitor,elbow,other,left,3071.0000000001164,4084.0,traitor,VILLIAN,8528.000000000116
wc1c73f7,False,"[618.9999999998836, 1462, 2509]",left,finger,consumer,other,left,4589.999999999884,6243.999999999884,finger,Finger,10449.999999999884
wc1c73f7,False,[3251.0000000001164],left,carrot,virus,correct,left,3251.0000000001164,4354.0,carrot,carrot,6777.0
wc1c73f7,False,"[6244, 2542.0000000001164]",right,fellow,tulip,correct,left,8786.000000000116,10013.0,tulip,tulip,11284.0
wc1c73f7,False,"[2442.0, 618.0, 2003.0000000001164]",left,permit,magazine,correct,left,5063.000000000116,5997.0,permit,permit,7043.0
wc1c73f7,False,"[1171, 1011.0000000001164, 393.9999999998836, 1643]",left,neck,patient,correct,right,4219.0,5175.0,patient,patient,7122.0
wc1c73f7,False,"[1677, 2553]",left,ghost,elephant,correct,right,4230.0,5164.0,elephant,elephant,6988.0
wc1c73f7,False,"[832.0, 472.0, 1238.0]",left,atom,ear,correct,left,2542.0,3093.0,atom,atom,4016.0
wc1c73f7,False,"[877.0, 2610.0]",left,apple,editorial,correct,right,3487.0,3848.0,editorial,editorial,6165.0
wc1c73f7,False,"[865.9999999998836, 2408.0000000001164]",left,quill,volunteer,correct,right,3274.0,4320.999999999884,volunteer,voluteer,6361.0
wc1c73f7,False,"[1023.0000000001164, 462.0, 1967.9999999998836]",left,goat,suburb,correct,left,3453.0,4433.0,goat,goat,6289.0
wc1c73f7,False,"[877, 3837]",left,goddess,stairs,correct,right,4714.0,5378.000000000116,stairs,stair,8708.0
wc1c73f7,False,"[663.0, 1947.0]",left,handkerchief,villain,other,right,2610.0,3500.0,villain,villian,4897.0
wc1c73f7,False,"[1282, 3026]",left,eagle,scenery,correct,right,4308.0,5546.0,scenery,scenery,10048.0
wc1c73f7,False,"[911, 473, 1317]",left,cue,shoelace,correct,left,2701.0,3173.0,cue,cue,4096.0
wc1c73f7,False,"[708, 1451, 2352]",left,mister,penguin,correct,left,4511.0,5377.0,mister,mister,6401.0
wc1c73f7,False,"[921.0000000001164, 2509]",left,bed,crook,correct,right,3430.0000000001164,4037.0,crook,crook,5151.0
wc1c73f7,False,"[619, 3228]",left,barracuda,department,correct,right,3847.0,4770.0,department,department,6728.0
w96547ae,True,"[3925.7649999998976, 3104.1199999999953, 872.2950000001583, 3128.920000000042, 758.324999999837]",left,pizza,tread,correct,left,11789.42499999993,13382.929999999702,pizza,pizza,23335.554999999702
w96547ae,False,"[1087.4649999995017, 1135.5750000003027, 1000.1800000000512, 1200.0749999997206, 2519.975000000093]",left,permit,finger,intrusion,left,6943.269999999669,7263.394999999902,permit,finger,8623.410000000149
w96547ae,False,"[815.5550000001676, 543.9399999995949, 624.0100000003586, 456.01499999978114, 1760.0100000000093]",left,scapegoat,pig,correct,left,4199.5299999999115,4519.569999999483,scapegoat,scapegoat,7015.849999999744
w96547ae,False,"[551.2849999995669, 400.22500000032596, 439.875, 432.36499999964144, 1079.7700000002515]",left,horse,mister,correct,left,2903.519999999786,3343.4949999999953,horse,horse,4679.524999999558
w96547ae,False,"[431.36500000033993, 384.0099999997765, 504.01500000047963, 1656.0149999995483]",left,department,cactus,intrusion,left,2975.4050000001444,3511.550000000163,department,quill,13039.515000000363
w96547ae,False,"[543.4400000004098, 1024.0000000003492, 712.2149999995017, 2615.955000000191]",left,rouge,bug,correct,right,4895.610000000452,6463.750000000815,bug,bug,7191.680000000866
w96547ae,False,"[615.824999999837, 599.6749999994645, 608.310000000638, 3516.1600000000326]",left,consumer,magazine,correct,right,5339.969999999972,5940.519999999204,magazine,magazine,7924.494999999297
w96547ae,False,"[463.6099999997532, 391.835000000312, 416.15999999979977, 1127.819999999716, 2248.125]",left,hamburger,volunteer,correct,left,4647.549999999581,5015.750000000466,hamburger,hamburger,7775.805000000168
w96547ae,False,"[351.60499999986496, 360.0900000000838, 391.77000000025146, 1496.0999999993946]",left,pitchfork,territory,correct,right,2599.564999999595,3271.7949999996927,territory,territory,5536.065000000293
w96547ae,False,"[446.8699999997625, 416.26499999978114, 359.910000000149, 832.1100000003353]",left,lover,frog,correct,right,2055.155000000028,2562.074999999837,frog,frog,5615.2050000000745
w96547ae,False,"[391.65000000048894, 376.070000000298, 359.90499999932945, 1000.3800000004703]",left,captive,tiger,correct,right,2128.0050000005867,2655.640000000014,tiger,tiger,3959.8400000005495
w96547ae,False,"[335.6050000002142, 344.02500000037253, 328.5150000001304, 391.40499999944586, 968.1250000003492, 495.9149999994552, 1383.8100000002887]",left,editorial,antelope,correct,left,4247.400000000256,4767.690000000643,editorial,editorial,7127.735000000102
w96547ae,False,"[312.55499999946915, 335.7550000001211, 358.9250000003958, 377.23999999987427, 2111.769999999553]",left,idol,shoelace,correct,left,3496.2449999994133,3936.43499999959,idol,idol,5248.679999999702
w96547ae,False,"[423.90500000061, 415.49500000011176, 376.5299999995623, 1519.6299999997718]",left,ghost,penguin,correct,right,2735.560000000056,3263.6700000002747,penguin,penguin,5024.5400000003865
w96547ae,False,"[431.44999999995343, 423.9150000003865, 359.53499999956694, 1128.400000000489]",left,application,flower,correct,right,2343.300000000396,2786.0300000001444,flower,flower,4703.454999999842
w96547ae,False,"[327.2550000001211, 416.1049999992829, 495.9000000008382, 432.0649999999441, 1272.00999999966]",left,neck,villain,correct,left,2943.3349999998463,3191.4049999995623,neck,neck,5967.539999999572
w96547ae,False,"[335.28999999992084, 344.1650000005029, 408.0750000003027, 543.9399999994785, 1063.930000000284]",left,walrus,agent,correct,left,2695.400000000489,3127.390000000596,walrus,walrus,4719.255000000005
w96547ae,False,"[510.9549999998417, 639.8300000000745, 544.0000000006985, 1088.2799999999115]",left,tomato,cue,correct,right,2783.065000000526,3134.9000000000233,cue,cue,4039.5800000006566
w96547ae,False,"[423.6650000002701, 456.0449999999255, 424.0149999995483, 496.00500000000466, 903.9050000001444]",left,donor,cookie,correct,left,2703.634999999893,3026.1700000001583,donor,donor,5263.899999999907
w96547ae,False,"[367.31499999947846, 368.1950000000652, 368.1500000001397, 1016.0750000004191]",left,quill,hero,correct,right,2119.7350000001024,2663.464999999618,hero,hero,3463.7050000000745
we259d03,True,"[4272, 3206, 1451]",left,personnel,gravel,correct,left,8929.0,10144.0,personnel,personnel,11976.0
we259d03,False,[2103],left,cue,ear,correct,left,2103.0,2431.0,cue,cue,2799.0
we259d03,False,[1536],left,chimney,crook,correct,left,1536.0,1888.0,chimney,chimney,3497.0
we259d03,False,[2288],left,scenery,elbow,correct,left,2288.0,2608.0,scenery,scenery,3504.0
we259d03,False,[1207],left,strawberry,captive,correct,left,1207.0,1665.0,strawberry,strawbeery,3505.0
we259d03,False,[1424],left,virus,saxophone,correct,left,1424.0,1774.0,virus,virus,2239.0
we259d03,False,[1367],left,barracuda,ghost,correct,left,1367.0,1719.0,barracuda,barracuda,2590.0
we259d03,False,"[1295, 1320]",left,department,parrot,correct,left,2615.0,4351.0,department,department,5761.0
we259d03,False,[1304],left,mister,bug,correct,left,1304.0,1576.0,mister,mister,2025.0
we259d03,False,[1271],left,pizza,critic,correct,left,1271.0,1568.0,pizza,pizza,2561.0
we259d03,False,"[1040, 1351]",left,donor,horse,correct,right,2391.0,2800.0,horse,horse,3448.0
we259d03,False,"[1303, 369, 817]",left,bed,patient,correct,left,2489.0,2824.0,bed,bed,3160.0
we259d03,False,"[2471, 1321]",left,transplant,daisy,correct,right,3792.0,4073.0,daisy,daisy,4800.0
we259d03,False,[1760],left,follower,cauliflower,correct,left,1760.0,2032.0,follower,follower,3056.0
we259d03,False,[1864],left,idol,tiger,correct,left,1864.0,2352.0,idol,idol,3025.0
we259d03,False,[1375],left,volunteer,antelope,correct,left,1375.0,1743.0,volunteer,volunteer,2864.0
we259d03,False,[1135],left,pig,stranger,correct,left,1135.0,1400.0,pig,pig,1735.0
we259d03,False,[2383],left,tart,finger,correct,left,2383.0,2632.0,tart,tart,3065.0
we259d03,False,[1056],left,rebel,cookie,correct,left,1056.0,1273.0,rebel,rebel,1737.0
we259d03,False,[920],left,consumer,tomato,correct,left,920.0,1288.0,consumer,consumer,3264.0
wc494dd0,True,"[2951.6899999998277, 6891.660000000265, 277.5449999999255, 346.1049999995157, 286.0950000004377, 253.75499999977183, 246.08499999972992, 301.8700000002282, 664.1900000004098, 2042.0649999995949, 4439.755000000354, 876.1599999997998, 4565.9399999994785]",left,banana,major,other,left,24142.91499999934,25939.164999999688,banana,\,27266.634999999893
wc494dd0,False,[4364.670000000042],left,follower,shoelace,empty,right,4364.670000000042,6263.645000000019,shoelace,,6263.74000000034
wc494dd0,False,[3271.0800000004238],left,community,elbow,correct,left,3271.0800000004238,3990.4800000003306,community,community,5374.214999999851
wc494dd0,False,[3093.520000000368],right,walrus,department,correct,right,3093.520000000368,4205.3050000004005,walrus,walrus,5079.1699999999255
wc494dd0,False,[623.5649999998277],left,stable,pitchfork,correct,left,623.5649999998277,1329.6749999999302,stable,stable,2513.4449999995995
wc494dd0,False,[391.38000000000466],left,handkerchief,virus,correct,left,391.38000000000466,1481.3949999997858,handkerchief,handkerchief,4435.13499999966
wc494dd0,False,[667.7200000003213],left,transplant,penguin,correct,left,667.7200000003213,1433.7500000001164,transplant,transplant,2849.374999999767
wc494dd0,False,"[1324.000000000582, 1354.0849999998463]",left,barracuda,suburb,correct,right,2678.0850000004284,3445.58000000054,suburb,suburbs,4825.420000000158
wc494dd0,False,[1951.7150000002002],left,tulip,winner,correct,left,1951.7150000002002,2715.5350000002654,tulip,tulip,4913.360000000452
wc494dd0,False,[2032.8950000002515],right,tractor,tart,correct,right,2032.8950000002515,2638.6149999998743,tractor,tractor,4069.594999999972
wc494dd0,False,"[275.42499999981374, 491.1899999997113, 1233.8300000000745]",left,goat,captive,correct,left,2000.4449999995995,2780.3899999998976,goat,goat,3336.234999999753
wc494dd0,False,"[318.64499999943655, 423.15000000048894, 799.979999999865]",left,critic,ear,correct,left,1541.7749999997905,2113.7399999998743,critic,critic,4069.634999999893
wc494dd0,False,"[313.3900000002468, 306.0999999997439, 1294.055000000284]",left,ozone,stairs,correct,left,1913.5450000002747,2447.2900000000373,ozone,ozone,3111.205000000191
wc494dd0,False,[1657.619999999879],left,fellow,house,correct,left,1657.619999999879,2047.4250000006286,fellow,fellow,3815.6000000007916
wc494dd0,False,[1639.680000000284],left,scapegoat,seagull,correct,left,1639.680000000284,2097.9150000003865,scapegoat,scapegoat,3387.464999999851
wc494dd0,False,[1561.9250000008615],left,pizza,crook,correct,left,1561.9250000008615,2347.575000000652,pizza,pizza,3361.505000000703
wc494dd0,False,"[1157.615000000107, 1720.0699999993667]",left,elephant,society,correct,right,2877.684999999474,3287.690000000177,society,society,4889.54999999993
wc494dd0,False,"[589.6499999999069, 1853.9549999996088]",left,roost,frog,correct,right,2443.6049999995157,2833.429999999702,frog,frog,3619.5049999996554
wc494dd0,False,"[133.69500000041444, 920.0499999998137, 1868.3449999998556]",left,lover,flower,intrusion,right,2922.090000000084,3235.644999999786,flower,lover,4289.635000000126
wc494dd0,False,[1735.8850000000093],right,eagle,tread,correct,right,1735.8850000000093,2095.5149999998976,eagle,eagle,3027.605000000214
wdcb5cc1,True,[6029.890000005253],left,application,pizza,correct,left,6029.890000005253,6852.614999981597,application,application,8777.230000006966
wdcb5cc1,False,[2765.559999970719],left,baby,crook,correct,left,2765.559999970719,3472.35999989789,baby,baby,4532.520000007935
wdcb5cc1,False,[1621.4550000149757],right,house,vagrant,correct,right,1621.4550000149757,2439.619999960996,house,house,3859.305000049062
wdcb5cc1,False,[1677.7000000001863],left,personnel,shoelace,other,left,1677.7000000001863,3351.200000033714,personnel,personel,4997.949999989942
wdcb5cc1,False,[1758.185000042431],left,idol,apple,correct,left,1758.185000042431,2387.0399999432266,idol,idol,3734.954999992624
wdcb5cc1,False,[1575.0649999827147],left,agent,stairs,correct,left,1575.0649999827147,1999.2050000000745,agent,agent,3077.1500000264496
wdcb5cc1,False,"[1491.2000000476837, 2081.869999994524]",left,fellow,quill,correct,right,3573.0700000422075,4345.259999972768,quill,quill,5535.219999961555
wdcb5cc1,False,"[1260.439999983646, 1497.014999971725]",left,major,eagle,correct,right,2757.454999955371,3281.2849999172613,eagle,eagle,4794.475000002421
wdcb5cc1,False,[1533.2150000613183],left,mister,ear,correct,left,1533.2150000613183,1911.2750000786036,mister,mister,2845.354999997653
wdcb5cc1,False,"[1112.5400000019, 2810.799999977462]",left,volunteer,pitchfork,correct,right,3923.339999979362,4504.41499997396,pitchfork,pitchfork,6235.174999921583
wdcb5cc1,False,"[1468.3400000212714, 5940.865000011399]",left,scenery,chimney,correct,right,7409.205000032671,8105.054999934509,chimney,chimney,11664.469999959692
wdcb5cc1,False,[3587.9900000290945],left,empire,strawberry,correct,left,3587.9900000290945,4325.985000003129,empire,empire,5119.189999997616
wdcb5cc1,False,[1917.4150000326335],left,tomato,electron,correct,left,1917.4150000326335,2349.3950000265613,tomato,tomato,3403.3849999541417
wdcb5cc1,False,[1834.154999931343],left,ozone,flower,correct,left,1834.154999931343,2177.03000002075,ozone,ozone,3280.045000021346
wdcb5cc1,False,[1873.6350000835955],left,tulip,society,correct,left,1873.6350000835955,2279.3100000126287,tulip,tulip,3388.4000000543892
wdcb5cc1,False,[1702.2800000850111],left,cue,saxophone,correct,left,1702.2800000850111,1991.6550000198185,cue,cue,3223.3600000618026
wdcb5cc1,False,"[2347.355000092648, 2234.7899999003857]",left,community,octopus,correct,right,4582.144999993034,4919.400000013411,octopus,octopus,6154.075000085868
wdcb5cc1,False,[2248.439999995753],right,pillow,hero,correct,right,2248.439999995753,2562.519999919459,pillow,pillow,4134.489999967627
wdcb5cc1,False,[2391.1450000014156],right,dandelion,virus,correct,right,2391.1450000014156,2667.3450000816956,dandelion,dandilion,7200.130000011995
wdcb5cc1,False,[1769.215000094846],right,parrot,ghost,correct,right,1769.215000094846,2015.2050000615418,parrot,parrot,3055.7950000511482
web07b1b,True,"[1387.5100000295788, 6074.13500000257, 510.90500003192574, 553.9850000059232, 12523.169999942183, 587.8350000130013, 359.4400000292808, 4662.18999994453, 500.7450000848621, 1209.6199999796227, 677.73999995552, 1043.8650000141934]",left,rebel,tractor,timeout,,,,,,
web07b1b,False,[3144.2700000479817],left,octopus,stranger,correct,left,3144.2700000479817,4032.050000037998,octopus,octopus,5937.204999965616
web07b1b,False,[],,,,other,right,,,fellow,idk,
web07b1b,False,[2730.504999984987],left,finger,patient,intrusion,right,2730.504999984987,6131.669999915175,patient,finger,7449.449999956414
web07b1b,False,"[2136.8400000501424, 1227.6800000108778, 3034.2049999162555]",left,flower,critic,correct,left,6398.724999977276,7493.95499995444,flower,flower,8676.41499999445
web07b1b,False,[],,,,other,left,,,pitchfork,idk,
web07b1b,False,"[980.3649999666959, 2316.2500000325963, 3054.0850000688806]",left,daisy,well,correct,left,6350.700000068173,7604.6100000385195,daisy,dasiy,10218.884999980219
web07b1b,False,[2585.975000052713],left,magazine,department,correct,left,2585.975000052713,3187.9900000058115,magazine,magazinee,5422.830000054091
web07b1b,False,"[991.9750000117347, 3314.0650000423193]",left,personnel,horse,correct,right,4306.040000054054,5129.830000107177,horse,horse,7586.750000016764
web07b1b,False,"[740.1399998925626, 3933.445000089705, 1837.5900000100955, 4590.764999971725]",left,consumer,tomato,intrusion,right,11101.939999964088,12430.909999995492,tomato,apple,13244.115000008605
web07b1b,False,"[786.8550000712276, 2717.839999939315, 1685.42500003241, 3311.8849999736995]",left,tread,eagle,other,left,8502.005000016652,9643.810000037774,tread,jdkcd,10607.825000071898
web07b1b,False,[4331.869999994524],right,permit,gravel,correct,right,4331.869999994524,4876.994999940507,permit,permit,6527.364999987185
web07b1b,False,"[1695.6250000512227, 3275.74499999173]",right,goddess,cookie,correct,left,4971.370000042953,5442.090000025928,cookie,cookie,6543.925000005402
web07b1b,False,"[948.839999968186, 3093.430000008084, 1085.7349999714643, 2835.6800000183284]",right,baby,scapegoat,correct,left,7963.684999966063,8317.994999932125,scapegoat,scapegoat,11085.324999992736
web07b1b,False,[2781.1499999370426],right,ghost,parrot,correct,right,2781.1499999370426,3754.7199999680743,ghost,ghost,5178.09999990277
web07b1b,False,"[1171.5499999700114, 2870.1250000158325]",right,traitor,bed,correct,left,4041.674999985844,4648.410000023432,bed,bed,5175.825000042096
web07b1b,False,"[1912.30500000529, 923.354999977164, 2550.5450000055134, 9668.645000085235]",right,empire,chimney,timeout,,,,,,
web07b1b,False,"[946.3150000665337, 703.1899999128655, 2912.955000065267, 2205.130000016652, 8295.78499996569]",right,transplant,bug,timeout,,,,,,
web07b1b,False,"[2547.1400000387803, 3482.7499999664724]",left,hero,goat,correct,right,6029.890000005253,6771.650000009686,goat,goat,8244.530000025406
web07b1b,False,"[1609.8249999340624, 968.3850000146776, 566.4350000442937, 1461.1099999165162]",left,keeper,penguin,correct,right,4605.75499990955,5373.734999913722,penguin,penguin,6899.709999910556
w9f35141,True,"[763.4699999762233, 799.170000012964, 787.2649999917485, 202.4200000159908]",left,society,tulip,correct,left,2552.3249999969266,3576.6049999801908,society,society,4600.199999986216
w9f35141,False,[1360.9550000110175],left,antelope,tread,correct,left,1360.9550000110175,2002.535000006901,antelope,antlope,3172.084999998333
w9f35141,False,[2598.3950000081677],left,virus,cactus,correct,left,2598.3950000081677,3588.480000005802,virus,virus,4432.180000003427
w9f35141,False,[1484.3200000177603],left,agent,tractor,correct,left,1484.3200000177603,2114.499999996042,agent,agent,2845.625000016298
w9f35141,False,[922.0849999983329],left,seagull,hero,correct,left,922.0849999983329,1608.620000013616,seagull,seagull,2598.4750000061467
w9f35141,False,[1011.7549999849871],left,fellow,magazine,correct,left,1011.7549999849871,1462.0249999861699,fellow,fellow,2339.4499999994878
w9f35141,False,[933.1200000015087],left,saxophone,critic,correct,left,933.1200000015087,1473.31000000122,saxophone,saxophone,2992.0299999939743
w9f35141,False,[775.7550000096671],left,tiger,lover,correct,left,775.7550000096671,1282.7000000106636,tiger,tiger,1822.0950000104494
w9f35141,False,[933.5300000093412],left,sand,scenery,correct,left,933.5300000093412,1439.8450000153389,sand,sand,1912.3100000142585
w9f35141,False,[640.6600000045728],left,captive,ear,correct,left,640.6600000045728,1484.8199999833014,captive,captive,2227.09999998915
w9f35141,False,[550.4149999760557],left,permit,quill,correct,left,550.4149999760557,1192.0499999832828,permit,permit,1810.5049999721814
w9f35141,False,[618.0849999946076],left,crook,octopus,correct,left,618.0849999946076,1113.454999984242,crook,crook,2069.6549999993294
w9f35141,False,[640.6499999866355],left,refrigerator,empire,correct,left,640.6499999866355,1327.2799999976996,refrigerator,refrigerator,2935.9849999891594
w9f35141,False,[516.9349999923725],left,shoelace,villain,correct,left,516.9349999923725,1383.5249999829102,shoelace,shoelace,2440.919999993639
w9f35141,False,[978.2350000168663],left,penguin,major,correct,left,978.2350000168663,1417.155000002822,penguin,penguin,2351.135000004433
w9f35141,False,[888.3400000049733],left,application,cauliflower,correct,left,888.3400000049733,1214.9849999987055,application,application,3014.889999991283
w9f35141,False,[764.4750000035856],left,scapegoat,goat,correct,left,764.4750000035856,1169.6999999985565,scapegoat,scapegoat,2564.7849999950267
w9f35141,False,[617.820000014035],left,follower,strawberry,correct,left,617.820000014035,1203.2450000115205,follower,follower,2125.4900000058115
w9f35141,False,[584.6400000154972],left,walrus,personnel,correct,left,584.6400000154972,1507.435000006808,walrus,walrus,4353.530000022147
w9f35141,False,[505.7249999954365],left,gravel,volunteer,correct,left,505.7249999954365,1608.5800000000745,gravel,gravel,2992.0249999850057
w2c87b6d,True,"[2435.3750000009313, 7670.120000024326, 586.1949999816716, 2282.1500001009554, 1095.714999944903]",left,department,pillow,intrusion,left,14069.555000052787,20350.965000106953,department,elbow,22482.01500007417
w2c87b6d,False,"[846.3650000048801, 1593.7200000043958]",left,octopus,community,correct,right,2440.085000009276,2995.989999966696,community,community,5589.574999990873
w2c87b6d,False,"[741.4250000147149, 3070.494999992661]",left,magazine,grizzly,correct,right,3811.920000007376,4135.114999953657,grizzly,grizzly,5389.775000046939
w2c87b6d,False,"[826.0250000748783, 1919.2699999548495]",left,cue,pizza,correct,right,2745.295000029728,3304.6350000659004,pizza,pizza,4179.394999984652
w2c87b6d,False,"[874.26999991294, 1352.9650000855327]",left,electron,jeans,correct,right,2227.2349999984726,2635.520000010729,jeans,jeans,3603.529999963939
w2c87b6d,False,"[905.8250000234693, 1731.305000022985]",left,bed,rebel,correct,left,2637.1300000464544,3843.100000056438,bed,bed,4274.685000069439
w2c87b6d,False,"[800.2899999264628, 1380.059999995865]",left,goat,villain,correct,left,2180.3499999223277,2610.2399999508634,goat,goat,3373.579999897629
w2c87b6d,False,"[861.934999935329, 1318.8200000440702]",left,banana,donor,correct,left,2180.754999979399,2949.529999983497,banana,banana,3984.0250000124797
w2c87b6d,False,"[869.194999919273, 1996.5450000017881]",left,empire,tiger,correct,left,2865.739999921061,3239.6350000053644,empire,empire,4163.079999969341
w2c87b6d,False,"[864.6200000075623, 1159.9949999945238]",left,society,baby,correct,right,2024.6150000020862,2453.2800000160933,baby,baby,3494.9999999953434
w2c87b6d,False,"[708.2099999533966, 928.7400000030175]",left,ear,volunteer,correct,left,1636.949999956414,1882.0950000081211,ear,ear,2467.049999977462
w2c87b6d,False,"[650.6000000517815, 1154.3999999994412]",left,scapegoat,apple,correct,left,1805.0000000512227,2234.279999975115,scapegoat,scapegoat,4164.4150000065565
w2c87b6d,False,"[840.6550000654534, 1475.4199999151751]",left,critic,elbow,correct,right,2316.0749999806285,2669.2100000800565,elbow,elbow,4824.88500000909
w2c87b6d,False,"[937.5950000248849, 1987.0250000385568]",left,cauliflower,ozone,correct,left,2924.6200000634417,3989.159999997355,cauliflower,cauliflower,6477.450000005774
w2c87b6d,False,"[776.3450000202283, 1548.0400000233203]",left,daisy,fellow,correct,right,2324.3850000435486,2617.8950000321493,fellow,fellow,3629.060000064783
w2c87b6d,False,"[1039.5149999530986, 921.7300000600517]",left,idol,seagull,correct,left,1961.2450000131503,2311.7749999510124,idol,idol,3159.280000021681
w2c87b6d,False,"[806.5049999859184, 1285.344999982044]",left,bug,atom,correct,right,2091.8499999679625,2353.2000000122935,atom,atom,3255.224999971688
w2c87b6d,False,"[807.4199999682605, 2171.074999962002]",left,winner,horse,correct,right,2978.4949999302626,3257.009999942966,horse,horse,8221.76500002388
w2c87b6d,False,"[837.8549999324605, 1061.6500000469387]",left,cookie,follower,correct,left,1899.5049999793991,2226.3350000139326,cookie,cookie,3081.294999923557
w2c87b6d,False,"[1143.4299999382347, 3805.8400000445545]",left,house,lover,correct,right,4949.269999982789,5145.459999912418,lover,lover,6017.154999892227
w9f343d2,True,"[1616.9750000007916, 4044.9700000026496]",left,penguin,rouge,timeout,left,5661.945000003441,24896.01000000036,,,
w9f343d2,False,"[3460.340000001481, 1698.3099999997066]",left,tomato,roost,other,left,5158.650000001187,7185.460000000661,tomato,sky,14681.660000002012
w9f343d2,False,[],,,,other,left,,,tiger,dog,
w9f343d2,False,[],,,,timeout,left,,,,,
w9f343d2,False,[10919.60000000114],left,refrigerator,electron,timeout,left,10919.60000000114,,,,
w9f343d2,False,[],,,,empty,left,,,pillow,,
w9f343d2,False,[],,,,empty,left,,,saxophone,,
w9f343d2,False,[],,,,empty,left,,,grizzly,,
w9f343d2,False,[],,,,empty,left,,,tread,,
w9f343d2,False,[],,,,empty,left,,,ghost,,
w9f343d2,False,[],,,,empty,left,,,baby,,
w9f343d2,False,[],,,,empty,right,,,frog,,
w9f343d2,False,[],,,,empty,left,,,agent,,
w9f343d2,False,[],,,,empty,right,,,carrot,,
w9f343d2,False,[],,,,empty,right,,,elephant,,
w9f343d2,False,[],,,,empty,right,,,horse,,
w9f343d2,False,[],,,,empty,right,,,hero,,
w9f343d2,False,[],,,,empty,left,,,tulip,,
w9f343d2,False,[],,,,empty,left,,,handkerchief,,
w9f343d2,False,[],,,,empty,right,,,atom,,
wc9ae4ff,True,"[2431.385000003502, 10056.115000043064, 447.84499995876104, 207.92000001529232, 96.10999998403713, 127.93000001693144, 135.92999998945743, 88.22000003419816, 5304.184999957215]",left,cactus,fellow,empty,left,18895.64000000246,20567.44500005152,cactus,,27903.41000002809
wc9ae4ff,False,[4815.810000000056],left,bed,mister,correct,left,4815.810000000056,5431.809999980032,bed,bed,5911.834999977145
wc9ae4ff,False,"[1831.754999991972, 1352.0300000091083, 4887.985000037588]",left,atom,dandelion,other,left,8071.7700000386685,8463.820000004489,atom,icon,11607.805000036024
wc9ae4ff,False,[3656.0000000172295],left,barracuda,application,correct,left,3656.0000000172295,4055.7499999995343,barracuda,barracuda,6199.904999986757
wc9ae4ff,False,[3735.754999972414],left,hero,frog,correct,left,3735.754999972414,4239.70500001451,hero,hero,5087.675000017043
wc9ae4ff,False,"[823.6649999744259, 2088.06000003824]",left,quill,traitor,correct,right,2911.725000012666,3543.6399999889545,traitor,traitor,5495.750000001863
wc9ae4ff,False,"[911.9349999818951, 1111.7000000085682, 5328.1300000380725]",left,donor,penguin,other,left,7351.765000028536,9431.779999984428,donor,vacant,10703.755000024103
wc9ae4ff,False,[2487.685000000056],left,scenery,tiger,correct,left,2487.685000000056,2919.670000032056,scenery,scenery,3959.785000013653
wc9ae4ff,False,[1935.7050000107847],left,pizza,vagrant,correct,left,1935.7050000107847,2327.6499999919906,pizza,pizza,3543.724999995902
wc9ae4ff,False,[2599.6849999646656],left,ozone,cookie,correct,left,2599.6849999646656,3056.1999999918044,ozone,ozone,4063.974999997299
wc9ae4ff,False,"[839.6300000022165, 3496.0599999758415]",left,grizzly,seagull,correct,right,4335.689999978058,4967.789999966044,seagull,seagull,6767.705000005662
wc9ae4ff,False,"[671.3500000187196, 5312.135000014678]",left,stairs,transplant,intrusion,right,5983.485000033397,6239.3600000068545,transplant,stairs,7383.665000030305
wc9ae4ff,False,[3175.8699999772944],left,volunteer,tulip,correct,left,3175.8699999772944,3743.994999967981,volunteer,volunteer,5775.81999998074
wc9ae4ff,False,"[927.7850000071339, 887.9750000196509, 2191.9899999629706]",left,major,walrus,other,left,4007.7499999897555,8431.88500002725,major,crap idk,9999.79000003077
wc9ae4ff,False,[1823.7199999857694],left,banana,rouge,correct,left,1823.7199999857694,2079.734999977518,banana,banana,3007.790000003297
wc9ae4ff,False,[1679.7850000439212],left,stranger,daisy,correct,left,1679.7850000439212,2048.0500000412576,stranger,stranger,3415.8300000126474
wc9ae4ff,False,"[1183.774999983143, 696.1449999944307, 895.9349999786355]",left,pig,department,correct,left,2775.854999956209,3359.8699999856763,pig,pig,4071.9549999921583
wc9ae4ff,False,[1903.954999987036],left,virus,tomato,correct,left,1903.954999987036,2343.6900000087917,virus,virus,3455.7500000228174
wc9ae4ff,False,[1943.7199999811128],left,finger,critic,correct,left,1943.7199999811128,2439.6749999723397,finger,finger,3335.8949999674223
wc9ae4ff,False,[1991.8950000428595],left,carrot,lover,correct,left,1991.8950000428595,2399.890000000596,carrot,carrot,3447.8150000213645
w4e765f8,True,[1773],left,editorial,walrus,other,left,1773.0,2335.0,editorial,Editorial,4427.0
w4e765f8,False,[],,,,empty,right,,,society,,
w4e765f8,False,[1930],left,shoelace,virus,other,left,1930.0,5133.0,shoelace,Shoelace,6426.0
w4e765f8,False,[2108],right,flower,territory,correct,right,2108.0,2656.0,flower,flower,3090.0
w4e765f8,False,[1789],left,barracuda,scapegoat,correct,left,1789.0,2188.0,barracuda,barracuda,3130.0
w4e765f8,False,[],,,,other,left,,,daisy,a,
w4e765f8,False,[1640],right,patient,ear,correct,right,1640.0,2508.0,patient,patient,3079.0
w4e765f8,False,[1088],left,donor,quill,correct,left,1088.0,2299.0,donor,donor,2827.0
w4e765f8,False,[852],left,agent,stairs,correct,left,852.0,1470.0,agent,agent,1961.0
w4e765f8,False,[907],left,permit,saxophone,correct,left,907.0,8762.0,permit,permit,9113.0
w4e765f8,False,[],,,,empty,right,,,parrot,,
w4e765f8,False,[1132],right,tiger,traitor,correct,right,1132.0,2740.0,tiger,tiger,3138.0
w4e765f8,False,[701],right,captive,banana,empty,right,701.0,8906.0,captive,,8906.0
w4e765f8,False,[1154],left,chimney,department,correct,left,1154.0,2820.0,chimney,chimney,3504.0
w4e765f8,False,[840],left,magazine,hero,other,left,840.0,1715.0,magazine,newspaper,2834.0
w4e765f8,False,[1282],right,gravel,well,correct,right,1282.0,1770.0,gravel,gravel,2420.0
w4e765f8,False,[1229],left,bug,lover,correct,left,1229.0,1595.0,bug,bug,1866.0
w4e765f8,False,[1094],right,roost,pillow,other,right,1094.0,1416.0,roost,rooster,2015.0
w4e765f8,False,[1032],left,strawberry,goddess,correct,left,1032.0,2680.0,strawberry,strawberry,4110.0
w4e765f8,False,[818],left,follower,finger,correct,left,818.0,1228.0,follower,follower,1891.0
w382b3f3,True,"[760, 1847, 3473, 4361, 1776, 520, 936, 8121, 688, 2169, 2176, 1872, 1601]",left,traitor,pillow,timeout,,,,,,
w382b3f3,False,"[1176, 1280, 1920, 1288]",left,winner,walrus,correct,right,5664.0,6529.0,walrus,walrus,10377.0
w382b3f3,False,"[1664, 1128, 1224, 1135, 1177]",left,dandelion,scenery,correct,left,6328.0,7080.0,dandelion,dandelion,9113.0
w382b3f3,False,"[1232, 857, 3872, 1777, 1664]",left,enemy,horse,correct,left,9402.0,9826.0,enemy,enemy,11091.0
w382b3f3,False,"[2663, 1864, 1624, 1553]",left,handkerchief,volunteer,correct,right,7704.0,8248.0,volunteer,volunteer,10096.0
w382b3f3,False,"[1640, 1824, 1352, 792, 1720]",left,crook,seagull,correct,left,7328.0,7760.0,crook,crook,8712.0
w382b3f3,False,"[1432, 1673, 1568, 1800]",left,refrigerator,major,correct,right,6473.0,7433.0,major,mayjor,9634.0
w382b3f3,False,"[1064, 1617, 2080, 1688]",left,hamburger,critic,correct,right,6449.0,6865.0,critic,critic,7873.0
w382b3f3,False,"[1384, 2385, 1232, 664, 1105]",left,frog,electron,correct,left,6770.0,7138.0,frog,frog,7945.0
w382b3f3,False,"[959, 1921, 1777, 1168]",left,application,cookie,correct,right,5825.0,6209.0,cookie,cookie,7209.0
w382b3f3,False,"[1888, 1976, 1088]",left,grizzly,saxophone,correct,left,4952.0,5432.0,grizzly,grizzly,7529.0
w382b3f3,False,"[1224, 4328, 2104, 1585, 3936, 1995]",left,villain,barracuda,timeout,,,,,,
w382b3f3,False,"[1464, 1776, 528, 1120, 1200]",left,suburb,antelope,intrusion,left,6088.0,6696.0,suburb,house,7873.0
w382b3f3,False,"[1577, 2808, 504, 1176]",left,cue,finger,correct,right,6065.0,6656.0,finger,finger,7570.0
w382b3f3,False,"[1599, 1872, 2312]",left,stable,ear,correct,left,5783.0,6231.0,stable,stable,7336.0
w382b3f3,False,"[2192, 1496, 1809, 1336]",left,scapegoat,eagle,correct,right,6833.0,7201.0,eagle,eagle,7881.0
w382b3f3,False,"[2160, 2633, 2937]",left,community,pitchfork,correct,left,7730.0,8088.0,community,community,9897.0
w382b3f3,False,"[1936, 2129, 1920, 967]",left,ghost,neck,correct,right,6952.0,7289.0,neck,neck,7921.0
w382b3f3,False,"[1272, 1280, 2296]",left,tiger,idol,intrusion,right,4848.0,5377.0,idol,tiger,6161.0
w382b3f3,False,"[1665, 1912, 992]",left,hero,quill,correct,left,4569.0,5017.0,hero,hero,5593.0
w416e125,True,[2320.055000003893],left,well,stairs,intrusion,right,2320.055000003893,4943.4050000054995,stairs,tulip,10476.314999999944
w416e125,False,"[962.7400000027847, 2551.804999995511]",left,flower,empire,correct,right,3514.5449999982957,4284.079999997746,empire,empire,4958.315000003553
w416e125,False,"[624.5550000022631, 2106.644999999786]",left,parrot,crook,correct,right,2731.200000002049,3015.480000001844,crook,crook,3810.855000003474
w416e125,False,"[651.2650000003632, 561.4900000001071, 946.5249999993248, 1955.845000004163]",left,cookie,territory,correct,right,4115.125000003958,4647.5350000036415,territory,territory,5955.014999999548
w416e125,False,"[633.6650000012014, 1732.5649999984307]",left,tart,walrus,correct,right,2366.229999999632,2684.450000000652,walrus,walrus,3415.4100000014296
w416e125,False,"[594.2799999975832, 583.8800000054762, 680.7349999945145]",left,pitchfork,agent,correct,left,1858.894999997574,2305.9900000008056,pitchfork,pitchfork,3483.9050000009593
w416e125,False,"[736.3499999992782, 1754.350000002887]",left,banana,stable,correct,right,2490.7000000021653,2843.124999999418,stable,stable,3552.3450000036974
w416e125,False,"[860.0900000019465, 620.6600000004983, 803.4499999994878]",left,idol,elbow,correct,left,2284.2000000019325,2726.5350000016624,idol,idol,3328.285000003292
w416e125,False,"[760.8850000033854, 1495.7649999996647]",left,fellow,neck,correct,right,2256.65000000305,2588.595000001136,neck,neck,3107.8400000042748
w416e125,False,"[744.5149999985006, 896.24499999627, 931.5400000050431]",left,chimney,application,correct,left,2572.2999999998137,2949.1499999930384,chimney,chimney,3890.4100000000326
w416e125,False,"[524.3899999987334, 2156.235000002198]",left,editorial,pig,correct,right,2680.6250000009313,3074.0749999969266,pig,pig,3533.34000000183
w416e125,False,"[724.9150000060908, 1925.1850000000559]",left,carrot,community,intrusion,left,2650.1000000061467,5015.205000003334,carrot,jchimeny,9801.82000000053
w416e125,False,"[708.2200000004377, 1062.9300000000512]",left,hamburger,ozone,correct,left,1771.150000000489,2730.054999999935,hamburger,hamburger,3770.2250000002095
w416e125,False,"[577.1949999980861, 1727.8349999978673]",left,cauliflower,captive,correct,right,2305.0299999959534,2569.4450000009965,captive,captive,3437.8250000008848
w416e125,False,[1712.5649999943562],left,electron,finger,correct,left,1712.5649999943562,2241.6549999979325,electron,electron,3236.339999995893
w416e125,False,[1644.5400000012014],left,horse,critic,correct,left,1644.5400000012014,2010.6799999994691,horse,horse,2571.4650000008987
w416e125,False,"[2666.170000004, 1534.8899999954738]",left,patient,strawberry,correct,right,4201.059999999474,4495.220000004279,strawberry,strawberry,6220.820000002277
w416e125,False,[1440.2649999975692],left,vagrant,antelope,correct,left,1440.2649999975692,1836.9499999971595,vagrant,vagrant,2575.0199999966426
w416e125,False,[1700.8149999964517],left,tulip,lover,correct,left,1700.8149999964517,2090.4949999967357,tulip,tulip,2884.3699999997625
w416e125,False,[1495.925000002957],left,traitor,frog,correct,left,1495.925000002957,1805.500000002212,traitor,traitor,2771.6650000001537
w0cef94a,True,"[1278.279999998631, 1810.2349999970756, 1435.799999999348, 2127.8000000020256]",left,shoelace,idol,correct,right,6652.11499999708,8376.219999998226,idol,idol,10857.069999998203
w0cef94a,False,[4141.910000005737],left,pizza,keeper,correct,left,4141.910000005737,5137.555000001099,pizza,pizza,6951.230000006035
w0cef94a,False,[2396.8199999944773],left,department,barracuda,correct,left,2396.8199999944773,3302.5349999952596,department,department,5796.744999999646
w0cef94a,False,[3076.4249999992317],right,ghost,antelope,correct,right,3076.4249999992317,4064.7949999982957,ghost,ghost,5695.149999999441
w0cef94a,False,[2167.1600000044564],left,hero,tomato,correct,left,2167.1600000044564,3112.8349999998463,hero,hero,3998.214999999618
w0cef94a,False,[2679.3150000011083],left,chimney,electron,correct,left,2679.3150000011083,3549.6649999986403,chimney,chimney,5762.009999998496
w0cef94a,False,[1132.0899999991525],right,pig,villain,correct,right,1132.0899999991525,2017.8899999955902,pig,pig,3146.789999998873
w0cef94a,False,"[1329.9550000011222, 2313.3899999957066]",left,major,bug,correct,right,3643.344999996829,4246.444999997038,bug,bug,5395.465000001364
w0cef94a,False,"[892.1399999962887, 3387.735000003944]",left,application,pitchfork,correct,right,4279.875000000233,4944.949999997392,pitchfork,pitchfork,7650.02000000095
w0cef94a,False,"[1454.4800000003306, 1818.9750000019558, 1837.599999998929]",left,seagull,personnel,correct,left,5111.055000001215,5836.629999998026,seagull,seagull,8504.909999995958
w0cef94a,False,"[1808.4749999979977, 1290.849999997532, 1386.9500000001863]",right,critic,jeans,correct,right,4486.274999995716,5111.909999999683,critic,critic,6380.844999999739
w0cef94a,False,"[1481.6099999953294, 4742.465000002994, 2045.5650000004098]",left,magazine,grizzly,correct,left,8269.639999998733,8820.894999997225,magazine,magazine,10615.989999998477
w0cef94a,False,"[1228.1949999959907, 1926.1600000027101]",right,sand,goddess,correct,left,3154.354999998701,3738.23999999871,goddess,goddess,5602.4099999994505
w0cef94a,False,[2410.7650000004796],left,baby,fellow,correct,left,2410.7650000004796,2969.734999998822,baby,baby,3900.0799999994924
w0cef94a,False,"[2057.5299999981653, 3020.700000001001, 8037.765000000945, 1499.920000002021, 392.6450000000186]",right,donor,handkerchief,timeout,,,,,,
w0cef94a,False,[1862.574999999255],right,enemy,ear,correct,right,1862.574999999255,2473.230000003241,enemy,enemy,4984.485000000801
w0cef94a,False,"[1511.6599999966566, 4968.560000000987]",left,parrot,mister,correct,right,6480.219999997644,6883.499999996275,mister,mister,8287.299999996321
w0cef94a,False,"[1201.64500000095, 1860.7450000054669]",left,volunteer,pillow,correct,right,3062.390000006417,3640.595000004396,pillow,pillow,6352.855000004638
w0cef94a,False,[],,,,intrusion,right,,,strawberry,ghost,
w0cef94a,False,[2191.2000000011176],right,frog,winner,correct,right,2191.2000000011176,3027.0149999996647,frog,frog,6567.129999995697
w29abcb5,True,"[2420.574999996461, 3696.185000007972, 1410.3949998971075, 5886.7700000992045, 663.8650000095367]",left,pizza,mister,correct,left,14077.790000010282,15168.564999941736,pizza,pizza,22316.834999946877
w29abcb5,False,[2499.0900000557303],left,neck,crook,correct,left,2499.0900000557303,3779.8300000140443,neck,neck,4798.04999998305
w29abcb5,False,"[934.7249999409541, 891.8850000482053, 2545.0549999950454]",left,octopus,personnel,correct,left,4371.664999984205,4907.119999988936,octopus,octopus,6363.189999945462
w29abcb5,False,"[803.0749999452382, 1966.9950000243261]",left,sand,follower,correct,right,2770.0699999695644,3286.6650000214577,follower,follower,4586.679999949411
w29abcb5,False,"[787.5450000865385, 1412.0099999709055]",left,refrigerator,grizzly,correct,left,2199.555000057444,3585.235000005923,refrigerator,refridgerator,10346.950000035577
w29abcb5,False,"[1006.5400000894442, 2051.5250000171363]",left,chimney,stable,correct,right,3058.0650001065806,3493.8500000862405,stable,stable,4290.5449999962
w29abcb5,False,"[713.2950000232086, 1583.4249999606982]",left,gravel,stranger,correct,right,2296.7199999839067,2763.9950000448152,stranger,stranger,3839.894999982789
w29abcb5,False,"[737.0699999155477, 1568.3650000719354]",left,strawberry,atom,correct,right,2305.434999987483,2651.17999992799,atom,atom,3164.849999942817
w29abcb5,False,"[719.539999961853, 1638.230000040494]",left,ear,keeper,correct,right,2357.770000002347,2842.9949999554083,keeper,keeper,3943.459999980405
w29abcb5,False,"[638.7100000865757, 833.879999932833, 1427.0249999826774]",left,agent,handkerchief,other,right,2899.615000002086,5251.225000014529,handkerchief,hankerchif,10079.975000000559
w29abcb5,False,"[884.1450000181794, 785.6700000120327, 833.1599999219179]",left,enemy,bug,correct,left,2502.97499995213,2914.7899999516085,enemy,enemy,3745.8150000311434
w29abcb5,False,"[791.8500000378117, 1570.854999939911]",left,tart,cookie,correct,right,2362.7049999777228,2680.5800000438467,cookie,cookie,3855.5499999783933
w29abcb5,False,"[718.3749999385327, 695.9999999962747, 903.0100000090897]",left,parrot,cue,correct,left,2317.384999943897,2717.284999904223,parrot,parrot,3591.3650000002235
w29abcb5,False,"[919.0549999475479, 792.8650000831112, 1040.6499999808148]",left,saxophone,transplant,correct,left,2752.570000011474,3227.584999985993,saxophone,saxophone,5201.310000033118
w29abcb5,False,"[656.33499994874, 1268.87499995064, 707.9850001027808]",left,tread,barracuda,correct,left,2633.1950000021607,3076.1449999408796,tread,tread,3964.7899999981746
w29abcb5,False,"[571.0250000702217, 815.1500000385568, 500.9449999779463]",left,permit,seagull,correct,left,1887.1200000867248,2403.8650000002235,permit,permit,3155.9100000886247
w29abcb5,False,"[660.2449999190867, 701.0749999899417, 837.2300000628456]",left,stairs,hero,correct,left,2198.549999971874,2469.9199999449775,stairs,stairs,3247.0749999629334
w29abcb5,False,"[629.369999980554, 1273.0450000381097, 345.83999996539205]",left,elephant,traitor,correct,left,2248.2549999840558,2697.9649999411777,elephant,elephant,4114.910000003874
w29abcb5,False,"[715.5349999666214, 616.32999998983, 1298.354999977164]",left,horse,territory,correct,left,2630.2199999336153,3034.875000012107,horse,horse,3593.0650000227615
w29abcb5,False,"[713.3250000188127, 768.9300000201911, 581.5050000092015]",left,captive,tiger,correct,left,2063.7600000482053,2387.8900000127032,captive,captive,3251.9999999785796
w163a343,True,"[1574.06000001356, 2683.1400000373833, 1747.9899999452755, 3085.2100000483915]",left,fellow,bed,correct,right,9090.40000004461,10183.225000044331,bed,bed,12857.415000034962
w163a343,False,"[1488.3000000263564, 4333.53999996325]",left,seagull,stable,correct,right,5821.839999989606,6494.515000027604,stable,stable,8353.0449999962
w163a343,False,"[1080.7450000429526, 1472.4699999787845, 811.9150000275113]",left,flower,permit,correct,left,3365.1300000492483,4152.055000013206,flower,flower,6164.985000039451
w163a343,False,"[938.6949999607168, 2139.6650000242516]",left,saxophone,enemy,correct,right,3078.3599999849685,3747.5850000046194,enemy,enemy,5180.064999964088
w163a343,False,"[1002.6700000162236, 1073.3600000385195, 1221.0849999682978]",left,tractor,rouge,correct,left,3297.115000023041,3936.2050000345334,tractor,tractor,5510.125000029802
w163a343,False,"[1003.8799999747425, 1012.1600000420585, 1612.044999958016]",left,electron,pillow,correct,left,3628.084999974817,4513.949999993201,electron,electron,6450.1450000097975
w163a343,False,"[990.7449999591336, 1913.3550000260584]",left,department,banana,correct,right,2904.099999985192,3616.4049999788404,banana,banana,6130.149999982677
w163a343,False,"[976.2050000135787, 1562.355000001844]",left,barracuda,personnel,other,right,2538.5600000154227,3271.7549999943003,personnel,personal,4985.4749999940395
w163a343,False,"[1172.614999988582, 1165.9399999771267, 1287.3150000232272, 1264.8899999912828]",left,tomato,virus,correct,right,4890.759999980219,5586.750000016764,virus,virus,8142.394999973476
w163a343,False,"[930.8199999504723, 1128.9200000464916, 2964.019999955781]",left,pitchfork,atom,correct,left,5023.759999952745,5702.664999989793,pitchfork,pitchfork,9241.359999985434
w163a343,False,"[1006.4999999594875, 1290.0600000284612, 736.2199999624863]",left,idol,chimney,correct,left,3032.779999950435,3330.7699999422766,idol,idol,4658.984999987297
w163a343,False,"[840.7850000075996, 2074.51000000583]",left,donor,cauliflower,correct,right,2915.2950000134297,3275.8749999920838,cauliflower,cauliflower,6301.990000007208
w163a343,False,"[1051.7950000357814, 1158.6050000041723, 889.8099999642]",left,winner,antelope,correct,left,3100.2100000041537,3528.00000004936,winner,winner,4508.075000019744
w163a343,False,"[1045.3350000316277, 1433.4399999934249]",left,elbow,ghost,correct,right,2478.7750000250526,2820.9550000028685,ghost,ghost,4259.759999986272
w163a343,False,"[1055.9449999709614, 3290.0099999969825, 2855.740000028163]",left,horse,captive,correct,left,7201.694999996107,7975.5549999536015,horse,horse,9211.864999961108
w163a343,False,"[1190.1749999960884, 1426.824999973178, 934.430000022985]",left,volunteer,dandelion,correct,left,3551.4299999922514,4291.8550000176765,volunteer,volunteer,6354.519999993499
w163a343,False,"[1576.9100000034086, 820.7350000157021, 1007.6499999850057]",left,apple,application,correct,left,3405.2950000041164,4458.120000024792,apple,apple,5545.52500002319
w163a343,False,"[838.2100000162609, 2648.0400000000373]",left,strawberry,editorial,correct,right,3486.250000016298,3873.6250000074506,editorial,editorial,5897.655000037048
w163a343,False,"[846.4849999872968, 1247.670000011567, 975.9099999791943]",left,shoelace,traitor,correct,left,3070.064999978058,3624.9949999619275,shoelace,shoelace,5511.999999987893
w163a343,False,"[884.4249999965541, 1237.9150000051595, 1094.5199999841861]",left,neck,scapegoat,correct,left,3216.8599999859,3541.28500004299,neck,neck,4954.795000026934
w6b1b200,True,"[1860.419999982696, 769.2950000055134, 186.47499999497086, 125.35500002559274, 95.64499999396503, 89.63499998208135, 94.51500000432134, 82.4750000028871, 94.63000000687316, 91.10999997938052, 99.48500001337379, 104.7699999762699, 76.21000002836809, 98.13499997835606, 88.38999998988584, 116.96000001393259, 92.77500002644956, 100.09500000160187, 97.78499999083579, 93.06499996455386, 263.2900000317022, 22.02999999281019, 233.2450000103563, 11.494999984279275, 237.9250000230968, 58.76499996520579, 220.14000004855916, 94.79499998269603, 369.9800000176765, 147.26499997777864, 148.54000002378598, 671.95999994874, 1205.0100000342354]",left,cauliflower,fellow,other,left,8141.665000002831,9827.714999963064,cauliflower,\,13905.024999985471
w6b1b200,False,"[732.5949999503791, 753.6050000344403, 2916.380000009667]",left,penguin,rouge,empty,left,4402.579999994487,8349.70500000054,penguin,,8349.774999951478
w6b1b200,False,"[456.0899999924004, 747.4899999797344, 3047.3849999834783]",left,territory,neck,correct,left,4250.964999955613,4893.704999994952,territory,territory,8813.669999944977
w6b1b200,False,"[406.21000004466623, 543.424999981653, 4776.46999998251]",left,virus,tomato,correct,left,5726.105000008829,6605.1350000198,virus,virus,8044.710000045598
w6b1b200,False,"[244.1899999976158, 413.3600000059232, 524.245000036899, 2646.919999970123]",left,cookie,villain,other,right,3828.715000010561,4567.060000030324,villain,villian,8256.80500001181
w6b1b200,False,"[391.959999979008, 535.2899999707006, 3793.5450000222772]",left,elephant,electron,empty,left,4720.794999971986,5473.349999985658,elephant,,5473.414999956731
w6b1b200,False,[],,,,empty,left,,,permit,,
w6b1b200,False,[],,,,empty,left,,,chimney,,
w6b1b200,False,[],,,,empty,left,,,personnel,,
w6b1b200,False,[],,,,empty,left,,,handkerchief,,
w6b1b200,False,[],,,,empty,left,,,walrus,,
w6b1b200,False,[],,,,empty,left,,,major,,
w6b1b200,False,[],,,,empty,left,,,winner,,
w6b1b200,False,[],,,,empty,left,,,saxophone,,
w6b1b200,False,[],,,,empty,left,,,mister,,
w6b1b200,False,[],,,,empty,left,,,crook,,
w6b1b200,False,[],,,,other,left,,,pig,d,
w6b1b200,False,[],,,,empty,left,,,suburb,,
w6b1b200,False,[],,,,empty,right,,,goat,,
w6b1b200,False,[],,,,empty,right,,,seagull,,
w78eddb0,True,[3110.4949999134988],left,crook,house,correct,left,3110.4949999134988,3827.619999879971,crook,crook,4583.469999954104
w78eddb0,False,[2703.565000090748],left,atom,shoelace,correct,left,2703.565000090748,3108.9999999385327,atom,atom,3602.119999937713
w78eddb0,False,"[2151.7900000326335, 3406.999999890104]",left,winner,tomato,correct,right,5558.7899999227375,6117.169999983162,tomato,tomato,6728.475000010803
w78eddb0,False,"[1264.475000090897, 3243.220000062138]",left,seagull,critic,correct,right,4507.695000153035,4999.105000169948,critic,critic,7297.160000074655
w78eddb0,False,"[1192.4950000829995, 2160.3949998971075]",left,saxophone,stranger,correct,right,3352.889999980107,3760.190000059083,stranger,stranger,4763.2900001481175
w78eddb0,False,[3163.5449999012053],left,elbow,donor,intrusion,right,3163.5449999012053,4215.93499998562,donor,eagle,13731.049999827519
w78eddb0,False,"[2044.3549999035895, 2558.4600002039224]",left,quill,society,correct,right,4602.815000107512,5051.579999970272,society,society,6293.969999998808
w78eddb0,False,[4334.309999831021],left,daisy,vagrant,correct,left,4334.309999831021,4930.199999827892,daisy,daisy,5752.409999957308
w78eddb0,False,[2862.3099999967963],left,empire,parrot,correct,left,2862.3099999967963,3328.029999975115,empire,empire,3987.514999927953
w78eddb0,False,[1610.8349999412894],left,stable,gravel,correct,left,1610.8349999412894,2133.189999964088,stable,stable,2873.109999811277
w78eddb0,False,"[973.6750000156462, 1448.7399999052286]",left,well,horse,correct,right,2422.414999920875,3049.1750000510365,horse,horse,3622.2800000105053
w78eddb0,False,[1515.3900000732392],left,cauliflower,editorial,correct,left,1515.3900000732392,2958.0149999819696,cauliflower,cauliflower,4707.590000005439
w78eddb0,False,[2486.5149999968708],left,handkerchief,agent,correct,left,2486.5149999968708,2918.1849998421967,handkerchief,handkerchief,4943.599999882281
w78eddb0,False,[1758.4700000006706],left,pig,lover,correct,left,1758.4700000006706,2133.075000019744,pig,pig,2612.8650000318885
w78eddb0,False,"[2483.775000087917, 2100.4249998368323]",left,community,sand,correct,right,4584.199999924749,4932.640000013635,sand,sand,5494.020000100136
w78eddb0,False,"[2341.600000159815, 1368.9349999185652]",left,tread,apple,correct,right,3710.53500007838,3993.2850000914186,apple,apple,4774.160000029951
w78eddb0,False,[2010.3549999184906],left,eagle,rouge,correct,left,2010.3549999184906,2342.4599999561906,eagle,eagle,3089.6799999754876
w78eddb0,False,[1640.3449999634176],left,frog,goddess,correct,left,1640.3449999634176,2129.569999873638,frog,frog,2795.380000025034
w78eddb0,False,[1751.7099999822676],left,enemy,elephant,correct,left,1751.7099999822676,2124.800000106916,enemy,enemy,3041.949999984354
w78eddb0,False,[3169.529999839142],left,pizza,department,correct,left,3169.529999839142,3534.724999917671,pizza,pizza,4301.895000040531
