wid,practice,presentation_times,first_seen,first_word,second_word,choice,choice_rt,typing_rt,word,response,response_rt,response_type
wc3a8220,True,"[711.4450000226498, 784.2200000304729, 436.37499993201345, 1855.5100000230595]",left,pig,scenery,right,3787.5500000081956,4791.165000060573,scenery,scenery,6046.115000033751,correct
wc3a8220,False,"[792.7749999798834, 767.3949999734759, 968.8150000292808, 670.5150000052527, 1133.5099999560043]",left,pizza,empire,left,4333.009999943897,5040.440000011586,pizza,pizza,6139.229999971576,correct
wc3a8220,False,"[445.5150000285357, 372.28499993216246, 326.82000007480383, 913.8749999692664]",left,personnel,bed,right,2058.4950000047684,2915.335000026971,bed,bed,3357.9199999803677,correct
wc3a8220,False,"[544.1300000529736, 563.4749999735504, 273.00499996636063, 739.8850000463426]",left,seagull,captive,right,2120.4950000392273,2748.245000024326,captive,captive,3894.925000029616,correct
wc3a8220,False,"[449.2499999469146, 783.6749999551103, 270.2300000237301, 1752.2850000532344]",left,major,apple,right,3255.4399999789894,3834.2549999943003,apple,apple,5050.889999954961,correct
wc3a8220,False,"[427.6049999753013, 353.9650000166148, 228.17500005476177, 647.2849999554455, 904.854999971576]",left,lover,cauliflower,left,2561.8849999736995,3277.7050000149757,lover,lover,4069.7800000198185,correct
wc3a8220,False,"[585.7349999714643, 489.6149999694899, 291.09499999322, 688.8050000416115]",left,pitchfork,villain,right,2055.2499999757856,2623.7649999093264,villain,villain,4051.2249999446794,correct
wc3a8220,False,"[362.70499997772276, 367.5400000065565, 1259.5599999185652, 1637.7300000749528, 829.9399999668822]",left,antelope,patient,left,4457.474999944679,5758.604999980889,antelope,antelope,7417.259999900125,correct
wc3a8220,False,"[489.65500004123896, 530.2949999459088, 155.7550000725314, 906.3499999465421, 1258.559999987483, 1414.8450000211596, 2335.8899999875575, 836.9650000240654, 1530.8550000190735, 520.3899999614805]",left,frog,permit,right,9979.56000000704,11021.905000088736,permit,friend,13036.350000067614,other
wc3a8220,False,"[488.0849999608472, 392.86500005982816, 1510.0099999690428, 1347.6599999703467]",left,gravel,virus,right,3738.619999960065,4314.494999940507,virus,virus,5192.704999935813,correct
w0d244c0,True,[1750.4949998110533],left,suburb,finger,left,1750.4949998110533,2644.574999809265,suburb,suburb,4181.409999728203,correct
w0d244c0,False,"[3377.394999843091, 1235.5550001375377]",left,well,bed,left,4612.9499999806285,6291.574999690056,well,well,9390.814999584109,correct
w0d244c0,False,"[972.5100002251565, 2449.839999899268, 3179.4400000944734, 3671.5499996207654]",left,electron,carrot,left,10273.339999839664,11600.070000160486,electron,electron,13747.47999990359,correct
w0d244c0,False,"[534.429999999702, 840.1899999007583]",left,quill,application,left,1374.6199999004602,2945.1199998147786,quill,quill,4153.579999692738,correct
w0d244c0,False,"[524.2850002832711, 2438.7099999003112]",left,patient,frog,right,2962.9950001835823,4161.749999970198,frog,frog,4804.035000037402,correct
w0d244c0,False,"[519.4399999454618, 1274.7450000606477]",left,rouge,bug,left,1794.1850000061095,2408.6700002662838,rouge,rouge,3989.564999938011,correct
w0d244c0,False,"[554.5900003053248, 1241.9900000095367]",left,cue,penguin,left,1796.5800003148615,2381.9600003771484,cue,cue,2848.6800002865493,correct
w0d244c0,False,"[517.2900003381073, 1710.8999998308718]",left,follower,house,right,2228.190000168979,2772.7350001223385,house,house,5916.240000165999,correct
w0d244c0,False,"[354.8750001937151, 1186.625000089407]",left,scenery,pitchfork,left,1541.500000283122,2071.2700001895428,scenery,scenery,3383.8599999435246,correct
w0d244c0,False,"[585.105000063777, 1506.0399998910725]",left,fellow,antelope,right,2091.1449999548495,3371.27499980852,antelope,antelope,4631.719999946654,correct
w8157ec1,True,"[1727.2250000096392, 784.1349999944214, 1631.9900000089547]",left,vagrant,banana,left,4143.350000013015,9271.390000008978,vagrant,,10815.500000011525,empty
w8157ec1,False,[1919.915000005858],left,tomato,patient,left,1919.915000005858,2223.7650000024587,tomato,TOMATO,3935.859999997774,other
w8157ec1,False,[],,,,left,,,stairs,,,empty
w8157ec1,False,"[2119.7549999924377, 2760.0450000027195, 1583.9100000011967, 1103.994999997667, 1608.04000000644]",left,jeans,rebel,left,9175.745000000461,10095.83500000008,jeans,JEANS,10751.694999999017,other
w8157ec1,False,[],,,,left,,,permit,,,empty
w8157ec1,False,[],,,,left,,,chimney, ,,other
w8157ec1,False,"[655.8050000021467, 711.9050000037532, 664.0049999987241, 383.95499999751337, 464.07499999622814, 2720.03000001132]",left,elephant,ozone,right,5599.775000009686,6479.885000007926,ozone,OZONE,7703.705000007176,other
w8157ec1,False,"[711.7199999920558, 1080.100000006496, 351.92499999538995, 2120.070000004489]",right,baby,stranger,left,4263.814999998431,4575.779999999213,stranger,STRANGER,12527.894999991986,other
w8157ec1,False,"[839.8600000073202, 679.8049999924842, 4199.950000009267]",left,crook,pillow,left,5719.615000009071,6055.7149999949615,crook,CROOK ,13967.705000002752,correct
w8157ec1,False,"[423.7600000051316, 344.00499999173917, 200.0150000094436, 191.78999999712687, 176.16499999712687, 159.94500000670087, 183.99999999383, 176.02500000793952, 184.06999998842366, 167.87000000476837, 184.21500000113156, 231.87000000325497, 279.98500000103377, 384.06499999109656, 495.9099999978207, 912.0050000055926, 2456.049999993411]",right,fellow,cactus,right,7151.744999995572,7799.8050000023795,fellow,FRIENDLY,9903.839999999036,other
w610c219,True,"[1797.3050000000512, 1134.1099999990547, 524.665000004461, 424.99499999394175, 319.30000000284053, 10380.219999991823, 2186.6200000076788]",left,critic,elephant,left,16767.21499999985,17702.65500000096,critic,critic,19036.089999994147,correct
w610c219,False,"[1590.9900000115158, 2763.1750000000466]",left,hero,octopus,right,4354.165000011562,4898.5650000104215,octopus,octopus,5898.425000006682,correct
w610c219,False,[1817.269999999553],left,rebel,walrus,left,1817.269999999553,2318.3399999979883,rebel,rebel,3292.9349999903934,correct
w610c219,False,[2172.180000008666],left,agent,house,left,2172.180000008666,2991.3499999966007,agent,agent,3555.420000004233,correct
w610c219,False,[1403.5599999915576],left,consumer,cookie,left,1403.5599999915576,1888.4049999905983,consumer,consumer,2704.9600000027567,correct
w610c219,False,[1201.79000000644],left,daisy,department,left,1201.79000000644,1907.1350000012899,daisy,daisy,2614.1199999983655,correct
w610c219,False,[1712.7350000082515],left,cauliflower,fellow,left,1712.7350000082515,2252.7200000040466,cauliflower,cauliflower,3518.965000010212,correct
w610c219,False,[1820.8799999993062],left,ear,atom,left,1820.8799999993062,2277.410000009695,ear,ear,2633.975000004284,correct
w610c219,False,[1818.3699999935925],left,goat,captive,right,1818.3699999935925,3000.419999996666,captive,elephant,12766.915000000154,intrusion
w610c219,False,"[1744.460000001709, 541.2050000013551, 1350.3049999999348]",left,goddess,seagull,left,3635.970000002999,4132.069999992382,goddess,goddess,5335.250000003725,correct
wa5455b8,True,"[1022, 2623]",left,goddess,flower,right,3645.0,5309.0,flower,flower,6188.0,correct
wa5455b8,False,"[703, 783, 801]",left,volunteer,walrus,left,2287.0,2478.0,volunteer,donor,5117.0,intrusion
wa5455b8,False,"[766, 752, 242, 207, 2001]",left,department,pitchfork,left,3968.0,5182.0,department,grizzly,6446.0,intrusion
wa5455b8,False,"[895, 513, 2176]",left,elbow,keeper,left,3584.0,5935.0,elbow,elbow,7118.0,correct
wa5455b8,False,"[704, 563, 1869]",left,cauliflower,grizzly,left,3136.0,3808.0,cauliflower,cauliflower,6368.0,correct
wa5455b8,False,"[782, 751, 496, 256, 240, 273, 207, 210, 1151]",left,donor,parrot,left,4366.0,4893.0,donor,donor,5902.0,correct
wa5455b8,False,"[575, 470, 1306]",left,neck,transplant,left,2351.0,3088.0,neck,neck,3887.0,correct
wa5455b8,False,"[623, 272, 1199]",left,bug,suburb,left,2094.0,2801.0,bug,bug,3630.0,correct
wa5455b8,False,"[576, 591, 256, 241, 848]",left,personnel,tulip,left,2512.0,2976.0,personnel,flower,4015.0,intrusion
wa5455b8,False,"[593, 592, 191, 2001]",left,stable,handkerchief,right,3377.0,5903.0,handkerchief,handkerchief,8559.0,correct
w41e7597,True,[],,,,left,,,cookie,D,,other
w41e7597,False,[15149],right,carrot,rebel,,,,,,,timeout
w41e7597,False,[],,,,right,,,goddess,goat,,intrusion
w41e7597,False,[],,,,right,,,saxophone,goat,,intrusion
w41e7597,False,[],,,,right,,,idol,goat,,intrusion
w41e7597,False,[],,,,right,,,application,goat,,intrusion
w41e7597,False,[],,,,right,,,jeans,goat,,intrusion
w41e7597,False,[],,,,right,,,dandelion,goat,,intrusion
w41e7597,False,[],,,,right,,,goat,goat,,correct
w41e7597,False,[],,,,right,,,roost,goat,,intrusion
we7df13c,True,"[862.1649999986403, 848.1749999918975, 1859.6100000431761]",left,baby,grizzly,left,3569.950000033714,5406.034999992698,baby,baby,5930.525000032503,correct
we7df13c,False,"[830.6950000114739, 320.7200000179, 1848.6099999863654]",left,idol,pig,left,3000.0250000157394,3799.8050000169314,idol,idol,4353.545000019949,correct
we7df13c,False,"[783.8800000026822, 667.3700000392273, 893.8299999572337]",left,bug,critic,left,2345.079999999143,2773.0699999956414,bug,baby,4781.145000015385,intrusion
we7df13c,False,"[686.5450000041164, 1956.5699999802746]",left,roost,tomato,right,2643.114999984391,3039.4599999999627,tomato,tomato,4299.745000025723,correct
we7df13c,False,"[670.0950000085868, 862.2849999810569, 1418.7249999959022]",left,stable,walrus,left,2951.104999985546,3290.7799999811687,stable,stable,4058.1200000015087,correct
we7df13c,False,[1475.7649999810383],left,application,bed,left,1475.7649999810383,1802.7449999935925,application,application,3436.1449999851175,correct
we7df13c,False,[847.1250000293367],left,daisy,cue,left,847.1250000293367,1703.8100000354461,daisy,daisy,2623.3399999910034,correct
we7df13c,False,[3888.6599999968894],left,house,community,left,3888.6599999968894,4187.114999978803,house,house,4766.039999958593,correct
we7df13c,False,[1315.6299999682233],left,electron,barracuda,left,1315.6299999682233,1672.9099999647588,electron,electron,2770.429999975022,correct
we7df13c,False,[1404.7699999646284],left,gravel,hero,left,1404.7699999646284,1696.2300000013784,gravel,gravel,2458.9500000001863,correct
w54864b8,True,[6103.670000098646],left,barracuda,grizzly,left,6103.670000098646,9327.415000181645,barracuda,barracuda,12399.275000207126,correct
w54864b8,False,[711.5449998527765],left,ozone,ear,left,711.5449998527765,1087.7149999141693,ozone,ozone,2287.434999831021,correct
w54864b8,False,[3695.5650001764297],right,volunteer,pizza,left,3695.5650001764297,5471.5350000187755,,,,timeout
w54864b8,False,[3399.360000155866],left,tiger,keeper,left,3399.360000155866,3807.3200001381338,tiger,tiger,4583.130000159144,correct
w54864b8,False,[1583.4849998354912],left,idol,quill,left,1583.4849998354912,2095.4549997113645,idol,idol,2991.334999911487,correct
w54864b8,False,[1743.2400002144277],right,crook,neck,right,1743.2400002144277,2135.3050000034273,crook,crook,3407.235000282526,correct
w54864b8,False,[1695.5800000578165],left,villain,cauliflower,left,1695.5800000578165,2823.470000177622,villain,villain,3943.3550001122057,correct
w54864b8,False,[1183.1049998290837],left,mister,saxophone,left,1183.1049998290837,1742.9999997839332,mister,mister,2862.900000065565,correct
w54864b8,False,[1791.7050002142787],right,tart,penguin,right,1791.7050002142787,2167.400000151247,tart,tart,2807.299999985844,correct
w54864b8,False,[1512.08999985829],left,cactus,consumer,left,1512.08999985829,2191.83999998495,cactus,cactus,3391.6449998505414,correct
w6361cf7,True,[],,,,left,,,editorial,d,,other
w6361cf7,False,[4411],left,well,pitchfork,right,4411.0,7128.0,,,,timeout
w6361cf7,False,[3663],left,strawberry,winner,right,3663.0,4728.0,,,,timeout
w6361cf7,False,[1623],left,dandelion,roost,left,1623.0,2440.0,dandelion, ,6800.0,other
w6361cf7,False,[1664],left,daisy,enemy,left,1664.0,2473.0,daisy,,2473.0,empty
w6361cf7,False,[1824],left,agent,bed,right,1824.0,2425.0,bed,,2425.0,empty
w6361cf7,False,[],,,,left,,,virus,K,,other
w6361cf7,False,[],,,,right,,,villain,,,empty
w6361cf7,False,[],,,,right,,,rouge,,,empty
w6361cf7,False,[],,,,right,,,tulip,,,empty
wede24ff,True,[4488.22999999905],left,parrot,winner,left,4488.22999999905,5506.489999999758,parrot,parrot,6378.94999999844,correct
wede24ff,False,[3620.6599999968894],left,hamburger,follower,left,3620.6599999968894,4210.2949999971315,hamburger,hamburger,5717.304999998305,correct
wede24ff,False,[3399.099999998696],right,tulip,critic,right,3399.099999998696,4021.5849999985658,tulip,tulip,4842.404999999329,correct
wede24ff,False,[1732.850000000326],left,tiger,cue,left,1732.850000000326,2496.7949999991106,tiger,tiger,3991.590000001481,correct
wede24ff,False,[1734.3849999997765],left,flower,mister,left,1734.3849999997765,2237.8800000005867,flower,flower,3184.3250000019325,correct
wede24ff,False,"[2286.775000000489, 1329.7649999985006]",left,handkerchief,well,left,3616.5399999989895,6795.930000000168,handkerchief,wlarus,7562.999999998254,intrusion
wede24ff,False,[1857.3050000013318],left,ghost,cactus,left,1857.3050000013318,2778.1250000006985,ghost,ghost,4053.850000000326,correct
wede24ff,False,[1580.434999999823],left,goat,donor,left,1580.434999999823,2075.710000000894,goat,goat,2526.539999998873,correct
wede24ff,False,[1521.4649999979883],left,quill,suburb,left,1521.4649999979883,2074.564999999013,quill,quill,2789.1799999998184,correct
wede24ff,False,[1640.3100000025006],left,goddess,walrus,left,1640.3100000025006,2081.8749999998836,goddess,goddess,3093.254999999772,correct
wfe64a69,True,"[3222.654999990482, 1582.8249999904074, 1831.9849999970756, 2249.3150000227615, 2322.824999981094]",left,villain,finger,left,11209.60499998182,12082.229999999981,villain,villain,13171.210000000428,correct
wfe64a69,False,[],,,,left,,,dandelion,,,empty
wfe64a69,False,[1768.19499998237],left,pizza,territory,left,1768.19499998237,2521.229999983916,pizza,pizza,3410.470000002533,correct
wfe64a69,False,[2572.829999990063],left,goat,keeper,left,2572.829999990063,3626.3749999925494,goat,goat,5823.584999976447,correct
wfe64a69,False,"[1186.5400000242516, 1714.849999989383]",left,roost,barracuda,right,2901.3900000136346,3710.240000014892,barracuda,barracuda,5493.300000001909,correct
wfe64a69,False,[2446.265000005951],left,ghost,cauliflower,left,2446.265000005951,2975.0350000103936,ghost,ghost,3787.2649999917485,correct
wfe64a69,False,[1973.1599999940954],left,tart,gravel,left,1973.1599999940954,2619.670000014594,tart,tart,3302.43499999051,correct
wfe64a69,False,[1596.655000001192],left,stairs,consumer,left,1596.655000001192,2179.169999988517,stairs,stairs,4216.264999995474,correct
wfe64a69,False,[1567.1999999904074],left,society,pig,left,1567.1999999904074,2081.0249999922235,society,society,4432.139999989886,correct
wfe64a69,False,[1847.7549999952316],left,scenery,cookie,left,1847.7549999952316,2281.894999992801,scenery,scenery,3749.8299999861047,correct
wfd64399,True,"[1871.7800000013085, 2351.1900000012247, 1169.2849999999162]",left,major,bug,left,5392.255000002449,6711.160000002477,major,major,8303.07499999972,correct
wfd64399,False,"[957.6500000002561, 1032.3150000004098, 1448.8500000006752]",left,stable,pizza,left,3438.815000001341,4407.6400000012945,stable,stable,5973.970000002766,correct
wfd64399,False,[1953.6899999984307],left,tart,tiger,left,1953.6899999984307,2400.3949999968754,tart,tart,3496.0999999966007,correct
wfd64399,False,[2696.7050000020536],left,transplant,carrot,left,2696.7050000020536,3217.0699999987846,transplant,transplant,6095.894999998505,correct
wfd64399,False,[1790.8150000002934],left,mister,tomato,left,1790.8150000002934,2094.9450000007637,mister,mister,3485.464999997872,correct
wfd64399,False,[1769.9700000012526],left,lover,penguin,left,1769.9700000012526,2297.2200000004377,lover,lover,5303.99000000034,correct
wfd64399,False,"[1073.1300000007031, 2104.1450000010664]",left,barracuda,fellow,right,3177.2750000017695,3847.7450000027893,fellow,fellow,5056.110000001383,correct
wfd64399,False,[1776.9299999999348],left,goat,suburb,left,1776.9299999999348,2367.384999997681,goat,goat,3359.984999999171,correct
wfd64399,False,[2752.285000002361],left,rebel,sand,left,2752.285000002361,3161.230000001495,rebel,rebel,4352.215000002645,correct
wfd64399,False,"[901.9750000005588, 2017.18999999878]",left,cactus,personnel,right,2919.1649999993388,3303.984999998589,personnel,personnel,5318.200000001467,correct
wa986f14,True,"[1079, 3664, 959, 537, 2152, 4415, 2793, 1768, 256, 8048, 320, 272, 3818]",left,cookie,stable,,,,,,,timeout
wa986f14,False,"[968, 624, 4055]",left,octopus,well,left,5647.0,5809.0,octopus,,5809.0,empty
wa986f14,False,"[888, 2656]",left,saxophone,application,right,3544.0,4177.0,application,application,5193.0,correct
wa986f14,False,"[399, 2455]",left,magazine,donor,right,2854.0,3104.0,donor,donor,3512.0,correct
wa986f14,False,"[432, 992, 1760]",left,tractor,scenery,left,3184.0,3641.0,tractor,tractor,4625.0,correct
wa986f14,False,"[296, 576, 1288]",left,virus,goat,left,2160.0,2609.0,virus,virus,3026.0,correct
wa986f14,False,"[472, 1640]",left,transplant,finger,right,2112.0,2849.0,finger,finger,3249.0,correct
wa986f14,False,"[422, 962, 960]",left,quill,critic,left,2344.0,2999.0,quill,quill,3921.0,correct
wa986f14,False,"[550, 1833]",left,patient,parrot,right,2383.0,2744.0,parrot,parrot,3265.0,correct
wa986f14,False,"[528, 648, 664]",left,atom,cactus,left,1840.0,2256.0,atom,atom,2505.0,correct
w5ab5844,True,"[231.38999997172505, 663.5950000490993, 300.8200000040233, 297.5699999369681, 304.8200000775978, 300.41999998502433, 282.4549999786541, 370.0749999843538, 2135.104999993928, 745.2950000297278, 3265.9050000365824]",left,cookie,roost,left,8897.450000047684,11748.995000030845,cookie,cookie,12996.27500004135,correct
w5ab5844,False,[2032.2050000540912],left,jeans,stable,left,2032.2050000540912,3141.8450000928715,jeans,jeans,3883.3700000541285,correct
w5ab5844,False,[2547.484999988228],left,critic,handkerchief,left,2547.484999988228,2896.6050000162795,critic,critic,5116.264999960549,correct
w5ab5844,False,[],,,,left,,,tiger,critic,,intrusion
w5ab5844,False,[],,,,right,,,quill,jdk,,other
w5ab5844,False,[],,,,right,,,cauliflower,j,,other
w5ab5844,False,[2259.3549999874085],right,villain,pig,left,2259.3549999874085,4374.594999942929,pig,rr,4726.799999945797,other
w5ab5844,False,"[4308.405000017956, 1221.8650000868365]",right,dandelion,society,left,5530.270000104792,6665.830000070855,society,society,8408.210000023246,correct
w5ab5844,False,[1735.54999998305],left,antelope,keeper,left,1735.54999998305,2762.3100000200793,antelope,antelope,4513.105000020005,correct
w5ab5844,False,[1450.4200000083074],left,tomato,application,left,1450.4200000083074,2992.3349999589846,tomato,keeper,3804.8499999567866,intrusion
wee31ffa,True,"[2041.1399999866262, 2341.3350000046194, 1582.989999995334, 2351.439999998547, 1677.2000000055414]",left,saxophone,suburb,left,9994.104999990668,10702.02500000596,saxophone,saxophone,13151.840000005905,correct
wee31ffa,False,[],,,,left,,,quill,,,empty
wee31ffa,False,[1951.6449999937322],left,rouge,chimney,left,1951.6449999937322,3042.109999980312,rouge,rouge,5284.155000001192,correct
wee31ffa,False,[1768.164999986766],right,empire,pizza,right,1768.164999986766,2266.3249999750406,empire,empire,3241.920000000391,correct
wee31ffa,False,[1722.9349999979604],right,vagrant,flower,right,1722.9349999979604,2195.8450000092853,vagrant,vagrant,3326.855000021169,correct
wee31ffa,False,[1622.9100000055041],left,idol,elbow,left,1622.9100000055041,2365.060000010999,idol,idol,4048.034999985248,correct
wee31ffa,False,[1199.2699999827892],left,personnel,horse,left,1199.2699999827892,1601.874999993015,personnel,personnel,2862.250000005588,correct
wee31ffa,False,[1254.5549999922514],right,roost,house,right,1254.5549999922514,1553.234999999404,roost,roost,3659.8550000053365,correct
wee31ffa,False,"[2688.1649999995716, 1500.04500002251]",left,shoelace,cue,right,4188.210000022082,4531.035000021802,cue,cue,5034.225000010338,correct
wee31ffa,False,[1259.1400000092108],left,stairs,crook,left,1259.1400000092108,1583.2600000139792,stairs,stairs,2578.8900000043213,correct
w0bf5770,True,"[1499, 1120, 345.0000000001164, 2588.9999999998836, 745]",left,eagle,ghost,left,6298.0,6738.000000000116,eagle,eagle,7712.0,correct
w0bf5770,False,"[814, 1723]",left,hamburger,hero,right,2537.0,3372.0,hero,hero,3991.0,correct
w0bf5770,False,"[739, 1799]",left,personnel,jeans,right,2538.0,3191.0,jeans,jeans,3725.0000000001164,correct
w0bf5770,False,"[774, 621, 2567, 1520.0000000001164, 672.9999999998836]",right,refrigerator,rebel,right,6155.0,7101.0,refrigerator,refrigerator,12712.0,correct
w0bf5770,False,"[814, 256, 782.0000000001164]",left,lover,handkerchief,left,1852.0000000001164,2246.0000000001164,lover,lover,2872.0,correct
w0bf5770,False,"[593.0000000001164, 620.0, 127.99999999988358, 653]",left,quill,agent,right,1994.0,2391.0000000001164,agent,agent,3024.0,correct
w0bf5770,False,[1384],left,atom,goat,left,1384.0,1848.0,atom,atom,2341.0,correct
w0bf5770,False,[1051],left,flower,department,left,1051.0,1534.0,flower,flower,2262.0,correct
w0bf5770,False,"[809.0000000001164, 386.9999999998836, 648]",left,pillow,ozone,left,1844.0,2376.0,pillow,pillow,3363.0,correct
w0bf5770,False,[1052],left,horse,scenery,left,1052.0,1472.0,horse,horse,3043.0,correct
w2ab49bf,True,"[1123.9950004965067, 4645.349999889731, 553.5099999979138, 858.7950002402067]",left,rebel,walrus,right,7181.650000624359,7861.185000278056,walrus,walrus,9300.025000236928,correct
w2ab49bf,False,[1901.8249996006489],left,banana,crook,left,1901.8249996006489,2271.7599999159575,banana,banana,3418.6349995434284,correct
w2ab49bf,False,"[646.2699994444847, 1593.30500010401]",left,scapegoat,ear,right,2239.574999548495,2604.5199995860457,ear,ear,3099.0749998018146,correct
w2ab49bf,False,"[585.6750002130866, 317.90999975055456, 843.5100000351667, 1180.9350000694394]",left,volunteer,stairs,right,2928.0300000682473,3498.785000294447,stairs,stairs,4263.430000282824,correct
w2ab49bf,False,"[537.6700004562736, 313.40499967336655, 1184.320000000298]",left,pizza,enemy,left,2035.3950001299381,2621.415000408888,pizza,pizza,3307.395000010729,correct
w2ab49bf,False,"[352.78999991714954, 582.1849992498755, 592.1900002285838, 197.54500035196543, 607.350000180304]",left,captive,antelope,left,2332.0599999278784,2754.8749996349216,captive,captive,3654.024999588728,correct
w2ab49bf,False,"[572.5400000810623, 1545.640000142157]",left,permit,pitchfork,right,2118.1800002232194,3014.174999669194,pitchfork,pitchfork,4150.744999758899,correct
w2ab49bf,False,"[449.85000044107437, 1385.4599995538592]",left,shoelace,suburb,right,1835.3099999949336,2220.440000295639,suburb,suburb,3064.450000412762,correct
w2ab49bf,False,"[439.3450003117323, 308.87999944388866, 477.870000526309, 709.7749998793006]",left,patient,house,right,1935.8700001612306,2380.7800002396107,house,house,2990.925000049174,correct
w2ab49bf,False,"[393.0600006133318, 1283.164999447763]",left,handkerchief,atom,right,1676.2250000610948,2066.1650002002716,atom,atom,2689.0500001609325,correct
wc07d1b9,True,"[722.4050000077114, 575.2749999519438, 218.11999997589737, 233.66500006522983, 229.81499996967614, 226.7200000351295, 200.48999995924532, 232.74500004481524, 206.52999996673316, 223.05000002961606, 210.73999989312142, 228.80000004079193, 223.34999998565763, 218.89500005636364, 177.45499999728054, 204.0049999486655, 208.93000008072704, 198.814999894239, 161.64000006392598, 113.99500002153218, 111.65999993681908, 111.87500006053597, 138.50499992258847, 103.12000010162592, 417.32499992940575, 354.96500006411225, 305.61999999918044, 235.02999998163432, 183.40999993961304, 267.2000000020489, 407.43500005919486, 490.3149999445304, 331.4099999843165, 206.92000002600253, 236.90999997779727, 231.26500006765127, 239.20999991241843, 247.79000005219132, 518.1800000136718, 356.5099999541417, 1428.3200000645593]",left,scapegoat,ear,left,11938.414999982342,12455.289999954402,scapegoat,scapegoat,20213.209999958053,correct
wc07d1b9,False,[2023.6450000666082],left,grizzly,daisy,left,2023.6450000666082,2742.9700000211596,grizzly,grizzly,3847.440000041388,correct
wc07d1b9,False,[1576.160000055097],left,rebel,carrot,left,1576.160000055097,1923.5399999888614,rebel,rebel,2965.0799999944866,correct
wc07d1b9,False,[1459.874999942258],left,stable,sand,left,1459.874999942258,1710.8199999202043,stable,stable,2993.504999903962,correct
wc07d1b9,False,[1859.3800000380725],left,octopus,keeper,left,1859.3800000380725,2190.0149999419227,octopus,octopus,3386.6100000450388,correct
wc07d1b9,False,[2212.5900000100955],left,parrot,stranger,left,2212.5900000100955,2481.0200000647455,parrot,parrot,3347.325000097044,correct
wc07d1b9,False,[1212.995000067167],left,strawberry,consumer,left,1212.995000067167,1578.4100000746548,strawberry,strawberry,3054.0550000732765,correct
wc07d1b9,False,[1400.55499994196],left,enemy,gravel,left,1400.55499994196,1755.8949999511242,enemy,enemy,2500.859999912791,correct
wc07d1b9,False,[],,,,left,,,jeans,,,empty
wc07d1b9,False,"[421.9349999912083, 321.78999995812774, 999.2499999934807]",left,editorial,elbow,left,1742.9749999428168,2129.119999939576,editorial,editorial,3418.2899999432266,correct
w1494f60,True,"[2128.6650000001537, 880.3850000003586, 397.5449999998091, 553.5449999988778, 343.295000000624, 2513.1750000000466, 3286.8799999996554]",left,stable,horse,left,10103.489999999525,10745.525000000256,stable,stable,15437.814999999362,correct
w1494f60,False,[],,,,left,,,pitchfork,,,empty
w1494f60,False,[3131.355000001262],right,apple,transplant,left,3131.355000001262,4059.6000000004424,transplant,apple,7921.5050000002375,intrusion
w1494f60,False,[],,,,left,,,banana,dkdkdk,,other
w1494f60,False,"[1062.8849999994272, 1008.8400000004331, 319.73999999894295, 1527.9050000008428, 375.0600000002887, 3558.694999999716]",left,ear,volunteer,right,7853.124999999651,9095.714999999502,volunteer,fkff,9637.65999999852,other
w1494f60,False,"[863.7149999995017, 656.8750000005821, 5101.525000000023]",right,donor,tiger,right,6622.115000000107,7265.300000000978,donor,donor,8294.744999999297,correct
w1494f60,False,"[576.0650000011083, 2824.5999999999767]",left,personnel,finger,left,3400.665000001085,3717.945000000298,personnel,f,4166.730000000796,other
w1494f60,False,[],,,,left,,,villain,fghkhklhd;lfx,,other
w1494f60,False,"[1062.8699999997625, 864.9150000000373, 888.3650000006892]",left,mister,baby,right,2816.150000000489,3597.564999999944,baby,sskks,4213.335000000312,other
w1494f60,False,"[547.3999999994412, 1827.5599999997066, 3408.0150000009453]",left,rouge,parrot,right,5782.975000000093,6573.114999999176,parrot,d,7460.675000000279,other
w7d56fbf,True,"[4074.3400000064867, 13923.824999990757, 919.6650000085356, 2180.244999995921]",left,critic,cactus,right,21098.0750000017,23284.19500000018,cactus,cactus,24842.875000002095,correct
w7d56fbf,False,"[945.5700000107754, 711.604999989504, 1924.7450000111712]",left,flower,application,left,3581.9200000114506,4725.86500000034,flower,flower,5780.345000006491,correct
w7d56fbf,False,"[495.98999999579974, 553.1900000059977, 1678.1249999912689]",left,finger,villain,left,2727.3049999930663,3713.8249999989057,finger,finger,4767.7200000034645,correct
w7d56fbf,False,"[764.9449999880744, 1968.1899999995949, 1115.9950000001118]",left,shoelace,traitor,left,3849.129999987781,4645.3699999983655,shoelace,shoelace,6230.424999987008,correct
w7d56fbf,False,"[454.34500000556, 2407.7399999951012]",left,saxophone,major,right,2862.0850000006612,3604.715000008582,major,major,4592.720000000554,correct
w7d56fbf,False,"[644.0500000026077, 1807.3999999905936]",left,gravel,atom,right,2451.4499999932013,2808.034999994561,atom,atom,3756.710000001476,correct
w7d56fbf,False,"[1079.3399999965914, 579.5399999915389, 2154.950000011013]",left,pig,personnel,left,3813.829999999143,4542.624999987311,pig,pig,5078.19999998901,correct
w7d56fbf,False,"[773.3849999931408, 915.0850000005448, 960.334999996121]",left,patient,pillow,left,2648.8049999898067,3253.6049999907846,patient,patient,4539.97499999241,correct
w7d56fbf,False,"[481.7449999973178, 2038.7950000003912]",left,banana,ozone,right,2520.539999997709,3133.1950000021607,ozone,ozone,4237.320000000182,correct
w7d56fbf,False,"[647.1199999941746, 1885.3150000068126]",left,hamburger,donor,right,2532.435000000987,3686.7849999980535,donor,donor,4504.690000001574,correct
w680cf84,True,"[831.9749999791384, 518.6300000641495, 439.04499989002943, 284.9850000347942]",left,keeper,daisy,left,2074.6349999681115,2416.9099999126047,keeper,,13201.11500006169,empty
w680cf84,False,[2365.6150000169873],right,follower,magazine,right,2365.6150000169873,3255.769999930635,follower,follower,5200.8249999489635,correct
w680cf84,False,"[3574.870000127703, 3006.7350000608712]",left,carrot,critic,left,6581.605000188574,7835.785000119358,carrot,,7835.859999991953,empty
w680cf84,False,"[643.4850001242012, 2869.345000013709]",left,parrot,cue,right,3512.8300001379102,4197.099999990314,cue,cue,5338.250000029802,correct
w680cf84,False,"[736.3299999851733, 2822.9300000239164]",left,chimney,consumer,right,3559.2600000090897,3884.1799998190254,consumer,consumer,5874.659999972209,correct
w680cf84,False,[1966.8699998874217],left,idol,handkerchief,left,1966.8699998874217,2639.9550000205636,idol,idol,3176.054999930784,correct
w680cf84,False,"[399.69999995082617, 2058.4400000516325]",left,barracuda,enemy,right,2458.1400000024587,2789.0550000593066,enemy,enemy,4819.344999967143,correct
w680cf84,False,"[5474.27500016056, 479.2349999770522, 632.8650000505149]",left,crook,hamburger,left,6586.375000188127,7042.860000161454,crook,crook,8855.715000070632,correct
w680cf84,False,"[553.6199999041855, 718.1600001640618, 182.95000004582107, 148.19999993778765, 158.7950000539422, 63.31499991938472, 154.2499999050051, 85.53000004030764, 97.00000006705523, 44.920000014826655, 149.1499999538064, 84.83500010333955, 2823.714999947697]",left,donor,banana,left,5264.4400000572205,5834.409999893978,donor,,5834.474999923259,empty
w680cf84,False,"[546.7850000131875, 3005.33500011079]",left,sand,agent,right,3552.1200001239777,3911.2000002060086,agent,agent,4624.36500005424,correct
wff169b2,True,"[1681.3099999999395, 1865.4249999999302, 478.3200000001816, 707.1649999998044, 1122.4549999997253]",left,baby,roost,left,5854.674999999581,6844.829999999958,baby,baby,7440.419999999867,correct
wff169b2,False,[1503.0000000006403],left,apple,well,left,1503.0000000006403,1819.6000000007334,apple,apple,2898.140000000247,correct
wff169b2,False,[1212.0150000000722],left,tart,eagle,left,1212.0150000000722,1771.4350000005797,tart,tart,2444.5850000001956,correct
wff169b2,False,[692.919999999518],left,banana,enemy,left,692.919999999518,1058.6599999997416,banana,banana,1768.1499999999069,correct
wff169b2,False,[489.5000000005821],left,ghost,bug,left,489.5000000005821,1248.8150000008172,ghost,ghost,1929.4450000006473,correct
wff169b2,False,[406.25500000076136],left,cauliflower,vagrant,left,406.25500000076136,1240.5800000005984,cauliflower,cauliflower,3118.780000000668,correct
wff169b2,False,[406.18500000075437],left,house,stranger,left,406.18500000075437,1625.3100000004051,house,house,2286.015000000596,correct
wff169b2,False,[433.71999999997206],left,captive,pizza,left,433.71999999997206,1215.2050000004238,captive,captive,2124.144999999786,correct
wff169b2,False,[389.0499999996973],left,elbow,electron,left,389.0499999996973,1234.6649999999208,elbow,elbow,1911.8649999999907,correct
wff169b2,False,[378.70000000018626],left,dandelion,fellow,left,378.70000000018626,1007.9350000005215,dandelion,dandelion,2264.9149999998044,correct
weaab1b6,True,"[1319.5900000027614, 3511.049999997369]",left,editorial,pillow,right,4830.64000000013,5659.380000000936,pillow,pillow,6485.645000000601,correct
weaab1b6,False,"[997.2999999991152, 1725.3899999995483]",left,goat,ghost,right,2722.6899999986636,3211.5599999997066,ghost,ghost,3732.5850000015926,correct
weaab1b6,False,[3159.765000000247],left,idol,neck,left,3159.765000000247,3487.644999997341,idol,idol,4187.949999999488,correct
weaab1b6,False,[1670.6149999990594],left,bug,permit,left,1670.6149999990594,2337.634999999893,bug,bug,2680.6399999987334,correct
weaab1b6,False,[1020.7950000003912],left,ear,mister,left,1020.7950000003912,1477.8399999996182,ear,ear,1793.8200000026263,correct
weaab1b6,False,[583.6049999997485],left,handkerchief,personnel,left,583.6049999997485,1106.6199999985984,handkerchief,handkerchief,2741.549999998766,correct
weaab1b6,False,[1475.7749999989755],left,follower,frog,left,1475.7749999989755,1774.6900000020396,follower,follower,2715.6800000012154,correct
weaab1b6,False,[541.6550000008428],left,patient,antelope,left,541.6550000008428,901.8050000013318,patient,patient,1669.9499999994878,correct
weaab1b6,False,[1234.8649999985937],left,grizzly,gravel,left,1234.8649999985937,1577.8849999988452,grizzly,grizzly,3521.955000000191,correct
weaab1b6,False,[1179.9899999968475],left,ozone,chimney,left,1179.9899999968475,1568.039999998291,ozone,ozone,2124.984999998589,correct
wb7af131,True,"[1094.5500000016764, 8413.534999999683, 2644.3049999979557, 2587.7800000016578]",left,goat,enemy,right,14740.170000000973,15212.165000000852,enemy,enemy,16641.279999999795,correct
wb7af131,False,"[702.7999999991152, 780.3899999998976, 1151.580000001588]",left,tractor,stable,right,2634.7700000006007,3281.670000000391,stable,stout,6591.404999999329,other
wb7af131,False,[],,,,left,,,roost,jkk,,other
wb7af131,False,"[844.9650000002002, 1533.0350000003818]",right,traitor,stairs,left,2378.000000000582,2772.720000000787,stairs,stairs,3580.7849999982864,correct
wb7af131,False,"[603.960000000312, 544.9900000022026, 1098.6599999996834]",right,parrot,keeper,right,2247.610000002198,2785.5000000017462,parrot,parrot,3637.3550000025425,correct
wb7af131,False,"[451.2600000016391, 493.2849999968894, 1030.2650000012945]",left,rouge,daisy,left,1974.809999999823,2375.26499999885,rouge,rouge,2975.9899999990594,correct
wb7af131,False,"[592.0100000003586, 1411.3500000020722]",left,flower,crook,right,2003.3600000024308,2383.990000002086,crook,crook,3247.3900000004796,correct
wb7af131,False,[1576.7850000010803],left,ghost,ear,left,1576.7850000010803,2380.4400000008754,ghost,ghost,3016.704999998212,correct
wb7af131,False,"[985.725000002305, 1025.9399999995949]",left,well,cactus,right,2011.6650000019,2795.9700000028824,cactus,cactus,3581.1350000003586,correct
wb7af131,False,[1260.6000000013737],left,atom,penguin,left,1260.6000000013737,1530.670000000042,atom,atom,2714.1000000010245,correct
w3478fa7,True,"[8623.110000044107, 5140.354999806732]",left,tart,seagull,left,13763.46499985084,16792.140000034124,tart,tart,28404.544999822974,correct
w3478fa7,False,"[1892.3650002107024, 1835.9949998557568]",left,community,jeans,left,3728.360000066459,4233.219999819994,community,community,5771.430000197142,correct
w3478fa7,False,"[1268.8099998049438, 2853.1700000166893]",left,mister,sand,right,4121.979999821633,5086.4699999801815,sand,sand,5647.469999734312,correct
w3478fa7,False,"[1145.0249999761581, 1942.6750000566244]",left,major,tiger,right,3087.7000000327826,3831.74500009045,tiger,tiger,5135.935000143945,correct
w3478fa7,False,"[821.7099998146296, 1823.110000230372]",left,quill,consumer,left,2644.8200000450015,3108.394999988377,quill,quill,4134.599999990314,correct
w3478fa7,False,[1760.1350001059473],left,fellow,elephant,left,1760.1350001059473,2782.0250000804663,fellow,fellow,3786.7850000038743,correct
w3478fa7,False,"[584.3650000169873, 2209.1699996963143]",left,winner,daisy,left,2793.5349997133017,3548.434999771416,winner,winner,4477.1349998191,correct
w3478fa7,False,[1869.9050000868738],left,penguin,keeper,left,1869.9050000868738,2470.1450001448393,penguin,penguin,3466.3100000470877,correct
w3478fa7,False,[2113.349999766797],left,lover,octopus,left,2113.349999766797,2478.784999810159,lover,lover,3391.2749998271465,correct
w3478fa7,False,[1909.3400002457201],left,critic,shoelace,left,1909.3400002457201,2353.2700003124774,critic,critic,3794.3649999797344,correct
w02080d6,True,"[13920, 3648]",right,editorial,barracuda,left,17568.0,20464.0,barracuda,barracuda,22977.0,correct
w02080d6,False,[2552],right,scapegoat,tulip,right,2552.0,3072.0,scapegoat,scapegoat,6095.0,correct
w02080d6,False,"[1537, 3263, 10346]",left,atom,parrot,,,,,,,timeout
w02080d6,False,[2024],left,banana,tart,left,2024.0,2567.0,banana,banana,4168.0,correct
w02080d6,False,[1928],left,jeans,suburb,left,1928.0,2415.0,jeans,jeans,4856.0,correct
w02080d6,False,[2536],right,cactus,permit,right,2536.0,2904.0,cactus,cactus,4633.0,correct
w02080d6,False,[2088],left,carrot,villain,left,2088.0,2416.0,carrot,carrot,3881.0,correct
w02080d6,False,[2816],left,eagle,well,left,2816.0,3192.0,eagle,eagle,4449.0,correct
w02080d6,False,[1824],left,stranger,pitchfork,left,1824.0,2272.0,stranger,stranger,7505.0,correct
w02080d6,False,[2631],left,shoelace,community,left,2631.0,3160.0,shoelace,shoelace,5280.0,correct
w913960d,True,"[481.17499984800816, 529.6800001524389, 4239.320000167936, 1096.929999999702, 1442.5549996085465, 523.2600001618266, 363.7549998238683, 5689.610000234097, 846.2100001052022, 318.1799999438226, 2971.024999860674]",left,jeans,stable,left,18501.699999906123,19360.62500020489,jeans,jeans,20793.564999941736,correct
w913960d,False,"[490.8650000579655, 709.9599996581674, 2766.8300000950694]",left,roost,tomato,left,3967.6549998112023,9240.91999977827,roost,roost,10441.034999676049,correct
w913960d,False,"[371.5349999256432, 580.1050001755357, 5665.574999991804]",left,pig,consumer,left,6617.215000092983,7226.8149997107685,pig,cauliflower,9233.324999921024,intrusion
w913960d,False,[1600.0800002366304],left,penguin,atom,left,1600.0800002366304,2046.3149999268353,penguin,penguin,3570.3950002789497,correct
w913960d,False,[1937.5049998052418],left,bug,transplant,left,1937.5049998052418,2436.69500015676,bug,bug,3090.909999795258,correct
w913960d,False,[2195.0499997474253],left,gravel,tread,left,2195.0499997474253,2764.855000190437,gravel,gravel,4045.874999836087,correct
w913960d,False,"[1379.9999998882413, 5040.285000111908]",left,stranger,cauliflower,right,6420.285000000149,6766.900000162423,cauliflower,apple,7774.805000051856,intrusion
w913960d,False,[1895.7199999131262],left,pillow,empire,left,1895.7199999131262,2241.4850001223385,pillow,pillow,3420.8450000733137,correct
w913960d,False,[2405.244999565184],left,flower,lover,left,2405.244999565184,2692.7499999292195,flower,flower,3534.9899996072054,correct
w913960d,False,"[3188.2400000467896, 684.5949999988079, 544.749999884516]",left,winner,apple,left,4417.584999930114,4897.910000290722,winner,winner,5902.699999976903,correct
w48a91d2,True,"[1414.6350000011735, 1407.899999998277, 600.2599999993108, 3488.994999999646]",left,critic,cauliflower,right,6911.789999998407,8199.464999997988,cauliflower,cauliflower,10071.29999999958,correct
w48a91d2,False,"[591.7549999977928, 1424.2700000030454, 303.68999999715015, 1985.140000000596]",left,chimney,tart,right,4304.854999998584,4728.2349999987055,tart,tart,5544.079999999609,correct
w48a91d2,False,"[431.4950000005774, 696.2100000018254, 376.0649999969173, 2216.035000001313]",left,volunteer,antelope,right,3719.8050000006333,4103.9799999997485,antelope,antelope,5096.020000000717,correct
w48a91d2,False,"[439.85500000044703, 1984.2150000005495]",left,crook,tiger,right,2424.0700000009965,3183.820000001928,tiger,tiger,3752.18500000122,correct
w48a91d2,False,"[431.66999999806285, 1832.3250000029802]",left,roost,quill,right,2263.995000001043,2584.019999998389,quill,quill,3311.929999999702,correct
w48a91d2,False,"[455.5500000023749, 448.14000000059605, 1272.1600000003818]",left,major,pitchfork,left,2175.8500000033528,2887.8100000002887,major,major,3463.7200000034645,correct
w48a91d2,False,"[463.7750000001397, 1672.1099999996368]",left,vagrant,tulip,right,2135.8849999997765,2439.764999999199,tulip,tulip,3415.8900000001304,correct
w48a91d2,False,"[503.4800000030082, 1648.0549999978393]",left,suburb,baby,right,2151.5350000008475,2423.6100000014994,baby,baby,2927.375000002794,correct
w48a91d2,False,"[415.5499999979511, 1912.4750000010245]",left,goddess,walrus,right,2328.0249999989755,2632.125000000233,walrus,walrus,4799.9799999997485,correct
w48a91d2,False,"[496.009999999078, 1591.405000002822]",left,hamburger,permit,right,2087.4150000019,2367.7850000022445,permit,permit,3336.105000002077,correct
w4cdfef5,True,[],,,,left,,,chimney,,,empty
w4cdfef5,False,[2240.0750000961125],left,society,walrus,left,2240.0750000961125,2512.125000008382,society,society,5487.81500000041,correct
w4cdfef5,False,[2239.2349999863654],left,application,goat,left,2239.2349999863654,2574.6649999637157,application,application,5055.104999919422,correct
w4cdfef5,False,[2209.2450000345707],left,permit,bug,left,2209.2450000345707,2623.3599999686703,permit,permit,3616.524999961257,correct
w4cdfef5,False,[1582.605000003241],left,banana,rebel,left,1582.605000003241,2063.190000015311,banana,banana,3134.7850000020117,correct
w4cdfef5,False,[1851.630000048317],left,sand,winner,left,1851.630000048317,2139.369999989867,sand,silent,4331.540000042878,other
w4cdfef5,False,[2301.7799999797717],left,patient,pillow,left,2301.7799999797717,2590.0100000435486,patient,patient,4029.8750000074506,correct
w4cdfef5,False,[1534.95500003919],left,rouge,seagull,left,1534.95500003919,1983.0950000323355,rouge,rouge,3007.77000002563,correct
w4cdfef5,False,[1472.7999999886379],left,apple,hero,left,1472.7999999886379,1727.9349999735132,apple,apple,2608.349999994971,correct
w4cdfef5,False,[1857.0599999511614],left,cauliflower,vagrant,left,1857.0599999511614,2209.5050000352785,cauliflower,cauliflower,5183.960000053048,correct
